-- Version-controlled operational lineage for Admin > Process Monitor.
-- Source verified means code was traced without executing the business update.
-- Production path and runtime observations are deliberately preserved on re-run.

INSERT INTO nahsi.managed_process_catalog
  (proc_name, display_name, system_name, purpose, schedule_summary, timezone_name,
   criticality, outage_effect, source_repository, documentation_note,
   is_production, source_verified, source_verified_at,
   production_path_verified, runtime_observed)
VALUES
('gill_update','Gillingham Warehouse Update','Gillingham','Starts the Gillingham warehouse update chain.','Daily at 21:30','Server local time',NULL,'Gillingham operational data becomes stale.','https://github.com/benthud82/gillingham','Python schedule and first batch hop are verified; production update_GILL.bat and its downstream SQL require inspection.',1,0,NULL,0,0),
('hep_update','HEP Warehouse Update','HEP','Runs the HEP warehouse update chain.','Production source verification required','Production source verification required',NULL,'HEP operational data may become stale.','','Production-only wrapper; schedule and downstream lineage must be captured read-only.',1,0,NULL,0,0),
('ukgill_update_all_tables','UK Gill Full Table Update','EMEA UK Gill','Refreshes UK Gill base data, demand analytics, optimization outputs, and recommendation history.','Production wrapper verification required','Production source verification required',NULL,'UK Gill slotting and reporting surfaces may show stale warehouse data.','https://github.com/benthud82/emea_ukgill_logic','Local update_all_tables.bat is documented as a candidate chain; the production Python wrapper is not available.',1,0,NULL,0,0),
('breaklunch_ftp_1','NextView Daily Operations Export','Break/Lunch and NextView','Exports break/lunch, EOD, slow-moving replenishment, and shorts data to NextView.','Daily at 05:01','Server local time',NULL,'NextView daily operational files become stale; this job does not write MySQL.','https://github.com/benthud82/breaklunch','Python, batch, PHP, source queries, and FTP output traced from GitHub.',1,1,'2026-07-12 00:00:00',0,0),
('breaklunch_ftp_2','NextView Canada Pack/Pick Export','Break/Lunch and NextView','Exports NOTL and Calgary pack, pick, case, and parts data to NextView.','Daily at 23:00','Server local time',NULL,'NextView Canada operational files become stale; this job does not write MySQL.','https://github.com/benthud82/breaklunch','Python, batch, PHP, source queries, and FTP output traced from GitHub.',1,1,'2026-07-12 00:00:00',0,0),
('breaklunch_ftp_locus','NextView Locus Export','Break/Lunch and NextView','Runs the Locus export scheduler.','Production source verification required','Production source verification required',NULL,'Locus export consumers may receive stale data.','','Production-only wrapper; schedule and downstream lineage must be captured read-only.',1,0,NULL,0,0),
('gallin_update','Gallin Warehouse Update','Gallin','Runs the Gallin warehouse update chain.','Production source verification required','Production source verification required',NULL,'Gallin slotting and operational data may become stale.','https://github.com/benthud82/gallin_logic','Production-only wrapper and downstream chain require inspection.',1,0,NULL,0,0),
('offsys_slot_update','NAHSI Nightly Slotting Pipeline','NAHSI','Runs the US pretable, forecasting, replenishment, accuracy, slotting, and downstream history pipeline.','Daily at 03:10','Server local time',NULL,'NAHSI slotting, replenishment, forecasting, shorts, capacity, and accuracy surfaces become stale.','https://github.com/benthud82/heatmap_logic','Local wrapper and all four batch stages traced. Production D: paths still require verification.',1,1,'2026-07-12 00:00:00',0,0),
('offsys_slot_update_CAN','Canada Nightly Slotting Pipeline','Canada Slotting','Runs the Canada warehouse data and slotting update chain.','Production source verification required','Production source verification required',NULL,'Canada slotting and operational reporting may become stale.','https://github.com/benthud82/heatmap_logic','Local update_CAN.bat is a candidate chain; the production Python wrapper is unavailable.',1,0,NULL,0,0),
('nahsi_shorts_item','NAHSI Item Shorts Refresh','NAHSI Shorts','Refreshes active and historical item-level shorts data.','Production source verification required','Production source verification required',NULL,'Live shorts and expeditor surfaces may show stale item shortages.','https://github.com/benthud82/heatmap_logic','Local PHP target is traceable, but the production Python schedule and invocation are unavailable.',1,0,NULL,0,0),
('jobsched_loops','PrintVis Tote and Packing Refresh','PrintVis','Refreshes open totes, packing activity, shorts, task predictions, batch starts, and tote completions.','Every minute; business refresh Mon-Fri 04:00-23:55','US/Eastern',NULL,'Pack visibility, loose priorities, shorts, and tote timing pages become stale.','https://github.com/benthud82/MySQLUpdates','Python, batch, PHP, source queries, and MySQL writes traced locally.',1,1,'2026-07-12 00:00:00',0,0),
('table_sched_mysqlupdates','MySQLUpdates Scheduled Refresh','MySQLUpdates','Runs the production MySQLUpdates scheduler chain.','Production source verification required','Production source verification required',NULL,'One or more shared warehouse dashboards may receive stale data.','https://github.com/benthud82/MySQLUpdates','Production-only wrapper; do not assume it invokes local slottingdashboard.bat until verified.',1,0,NULL,0,0),
('todaypage_loop','Today Page Refresh','NAHSI Today Page','Refreshes data used by the Today operations page.','Production source verification required','Production source verification required',NULL,'Today schedule, search, and load-type information may become stale.','https://github.com/benthud82/MySQLUpdates','Local tblupdate_todaypage.php is a candidate target; wrapper schedule and invocation require production verification.',1,0,NULL,0,0),
('printvis_caserefresh','PrintVis Case Pick Refresh','PrintVis Case Pick','Refreshes case-pick work, equipment, labor, forecast buckets, and open/not-printed cases.','Production source verification required','Production source verification required',NULL,'Case Pick and Burndown views may show stale work and estimates.','https://github.com/benthud82/printvis','caserefresh.bat and downstream PHP are locally traceable; the production scheduler wrapper is unavailable.',1,0,NULL,0,0),
('printvis_table_sched','PrintVis General Table Scheduler','PrintVis','Runs the general PrintVis table refresh schedule.','Production source verification required','Production source verification required',NULL,'Unverified PrintVis dashboards may receive stale data.','https://github.com/benthud82/printvis','Production-only wrapper; exact downstream batch list must be captured.',1,0,NULL,0,0),
('printvis_loc_oh_loop','PrintVis Location On-Hand Refresh','PrintVis Logic / NAHSI','Refreshes location on-hand inventory used by slotting and replenishment analysis.','Production source verification required','Production source verification required',NULL,'Replenishment, capacity, empty-location, and slotting opportunity views may become stale.','https://github.com/benthud82/printvis_logic','Local loc_oh PHP chain is a candidate; production wrapper schedule and invocation require verification.',1,0,NULL,0,0),
('printvis_pack_start_loop','PrintVis Pack Start Refresh','PrintVis Logic / NAHSI','Refreshes pack-start events from AS/400.','Production source verification required','Production source verification required',NULL,'Pack-start dependent calculations may become stale.','https://github.com/benthud82/printvis_logic','Local pack_start PHP chain is a candidate; production wrapper schedule and invocation require verification.',1,0,NULL,0,0),
('test_loop','Supervisor Test Loop','Process Supervisor','Harmless local heartbeat used to validate process control, logs, and restart behavior.','Every 10 seconds','Server local time','standard','No business impact.','', 'Local validation only; reads and writes no business data.',0,1,'2026-07-12 00:00:00',1,0)
ON DUPLICATE KEY UPDATE
  display_name=VALUES(display_name), system_name=VALUES(system_name),
  purpose=VALUES(purpose), schedule_summary=VALUES(schedule_summary),
  timezone_name=VALUES(timezone_name), criticality=VALUES(criticality),
  outage_effect=VALUES(outage_effect), source_repository=VALUES(source_repository),
  documentation_note=VALUES(documentation_note), is_production=VALUES(is_production),
  source_verified=VALUES(source_verified), source_verified_at=VALUES(source_verified_at);

INSERT INTO nahsi.managed_process_steps
  (proc_name,step_key,step_order,step_type,display_label,object_path,description,evidence_path,source_verified,production_path_required)
VALUES
('gill_update','python',10,'python','Gillingham scheduler','D:/xampp/htdocs/gillingham/MySQLUpdates/gill_update.py','Schedules the Gillingham update at 21:30.','gillingham/MySQLUpdates/gill_update.py',1,1),
('gill_update','batch',20,'batch','Gillingham update batch','D:/xampp/htdocs/gillingham/MySQLUpdates/update_GILL.bat','First hop invoked by the scheduler; downstream production contents require inspection.','gillingham/MySQLUpdates/gill_update.py',0,1),
('hep_update','python',10,'python','HEP scheduler','D:/xampp/htdocs/hep/MySQLUpdates/hep_update.py','Production scheduler source and downstream calls require inspection.','',0,1),
('ukgill_update_all_tables','python',10,'python','UK Gill scheduler','D:/xampp/htdocs/emea_ukgill_logic/update_all_tables.py','Production wrapper requires inspection.','',0,1),
('ukgill_update_all_tables','batch_candidate',20,'batch','Candidate full table batch','D:/xampp/htdocs/emea_ukgill_logic/update_all_tables.bat','Candidate local chain for reference; do not mark verified until the production wrapper is read.','emea_ukgill_logic/update_all_tables.bat',0,1),
('breaklunch_ftp_1','python',10,'python','NextView export scheduler','D:/xampp/htdocs/breaklunch/table_sched_ftp_1.py','Schedules the first NextView export at 05:01.','breaklunch/table_sched_ftp_1.py',1,1),
('breaklunch_ftp_1','batch',20,'batch','NextView export batch 1','D:/xampp/htdocs/breaklunch/update_ftp_nextview_1.bat','Launches the PHP export.','breaklunch/update_ftp_nextview_1.bat',1,1),
('breaklunch_ftp_1','php',30,'php','NextView export generator 1','D:/xampp/htdocs/breaklunch/ftp_nextview_1.php','Reads operational sources, writes CSV files, and uploads them to NextView FTP.','breaklunch/ftp_nextview_1.php',1,1),
('breaklunch_ftp_2','python',10,'python','Canada NextView export scheduler','D:/xampp/htdocs/breaklunch/table_sched_ftp_2.py','Schedules the second NextView export at 23:00.','breaklunch/table_sched_ftp_2.py',1,1),
('breaklunch_ftp_2','batch',20,'batch','NextView export batch 2','D:/xampp/htdocs/breaklunch/update_ftp_nextview_2.bat','Launches the Canada PHP export.','breaklunch/update_ftp_nextview_2.bat',1,1),
('breaklunch_ftp_2','php',30,'php','NextView export generator 2','D:/xampp/htdocs/breaklunch/ftp_nextview_2.php','Reads Pack/Tote and Canadian AS/400 data, writes CSV files, and uploads them.','breaklunch/ftp_nextview_2.php',1,1),
('breaklunch_ftp_locus','python',10,'python','Locus export scheduler','D:/xampp/htdocs/breaklunch/table_sched_ftp_locus.py','Production source and downstream calls require inspection.','',0,1),
('gallin_update','python',10,'python','Gallin scheduler','D:/xampp/htdocs/gallin_logic/gallin_update.py','Production source and downstream calls require inspection.','',0,1),
('offsys_slot_update','python',10,'python','NAHSI nightly scheduler','D:/xampp/htdocs/heatmap_logic/offsys_slot_update.py','Schedules the nightly NAHSI update at 03:10.','heatmap_logic/offsys_slot_update.py',1,1),
('offsys_slot_update','pretables',20,'batch','Pretable refresh','D:/xampp/htdocs/heatmap_logic/update_pretables.bat','Refreshes warehouse master, demand-source, replenishment, history, shorts, and invoice-line tables.','heatmap_logic/update_pretables.bat',1,1),
('offsys_slot_update','forecast',30,'batch','Demand forecast refresh','D:/xampp/htdocs/heatmap_logic/run_forecast_daily.bat','Builds forecast_daily and forecast_model_stats.','heatmap_logic/run_forecast_daily.bat',1,1),
('offsys_slot_update','replen',40,'batch','Replenishment and accuracy refresh','D:/xampp/htdocs/heatmap_logic/run_replen_recommendations.bat','Rebuilds forecast, recommendations, and accuracy tables. Forecast generation currently runs a second time here.','heatmap_logic/run_replen_recommendations.bat',1,1),
('offsys_slot_update','downstream',50,'batch','Slotting downstream refresh','D:/xampp/htdocs/heatmap_logic/update_NAHSI.bat','Builds slotting recommendations, costs, history, tracking, opportunities, and FOM outputs.','heatmap_logic/update_NAHSI.bat',1,1),
('offsys_slot_update_CAN','python',10,'python','Canada nightly scheduler','D:/xampp/htdocs/heatmap_logic/offsys_slot_update_CAN.py','Production wrapper requires inspection.','',0,1),
('offsys_slot_update_CAN','batch_candidate',20,'batch','Candidate Canada update chain','D:/xampp/htdocs/heatmap_logic/update_CAN.bat','Local candidate chain; verify that the production wrapper invokes it.','heatmap_logic/update_CAN.bat',0,1),
('nahsi_shorts_item','python',10,'python','Item shorts scheduler','D:/xampp/htdocs/heatmap_logic/tbl_update_NAHSI_shorts_item.py','Production wrapper requires inspection.','',0,1),
('nahsi_shorts_item','php_candidate',20,'php','Candidate item shorts refresh','D:/xampp/htdocs/heatmap_logic/tbl_update_NAHSI_shorts_item.php','Local candidate target; production invocation and schedule require verification.','heatmap_logic/tbl_update_NAHSI_shorts_item.php',0,1),
('jobsched_loops','python',10,'python','Tote refresh scheduler','D:/xampp/htdocs/MySQLUpdates/jobsched_loops.py','Checks every minute and runs during the weekday operating window.','MySQLUpdates/jobsched_loops.py',1,1),
('jobsched_loops','batch',20,'batch','Tote refresh batch','D:/xampp/htdocs/MySQLUpdates/toterefresh.bat','Launches totedata.php.','MySQLUpdates/toterefresh.bat',1,1),
('jobsched_loops','php',30,'php','Tote and packing data refresh','D:/xampp/htdocs/MySQLUpdates/totedata.php','Refreshes PrintVis tote, packing, shorts, batch, completion, and task-prediction data.','MySQLUpdates/totedata.php',1,1),
('table_sched_mysqlupdates','python',10,'python','MySQLUpdates scheduler','D:/xampp/htdocs/MySQLUpdates/table_sched_mysqlupdates.py','Production source and downstream calls require inspection.','',0,1),
('todaypage_loop','python',10,'python','Today page scheduler','D:/xampp/htdocs/MySQLUpdates/todaypage_loop.py','Production source and downstream calls require inspection.','',0,1),
('todaypage_loop','php_candidate',20,'php','Candidate Today page refresh','D:/xampp/htdocs/MySQLUpdates/tblupdate_todaypage.php','Candidate local target; production invocation must be verified.','MySQLUpdates/tblupdate_todaypage.php',0,1),
('printvis_caserefresh','python',10,'python','Case Pick scheduler','D:/xampp/htdocs/printvis/datapull/jobsched_caserefresh_bat.py','Production wrapper and schedule require inspection.','',0,1),
('printvis_caserefresh','batch_candidate',20,'batch','Candidate case refresh chain','D:/xampp/htdocs/printvis/datapull/caserefresh.bat','Candidate batch launches casedata.php and opencases.php.','printvis/datapull/caserefresh.bat',0,1),
('printvis_table_sched','python',10,'python','PrintVis table scheduler','D:/xampp/htdocs/printvis/datapull/table_sched.py','Production source and downstream calls require inspection.','',0,1),
('printvis_loc_oh_loop','python',10,'python','Location on-hand scheduler','D:/xampp/htdocs/printvis_logic/loc_oh_loop.py','Production source and schedule require inspection.','',0,1),
('printvis_loc_oh_loop','php_candidate',20,'php','Candidate location on-hand refresh','D:/xampp/htdocs/printvis_logic/loc_oh_NAHSI.php','Candidate local chain; production invocation must be verified.','printvis_logic/loc_oh_NAHSI.php',0,1),
('printvis_pack_start_loop','python',10,'python','Pack start scheduler','D:/xampp/htdocs/printvis_logic/pack_start_loop.py','Production source and schedule require inspection.','',0,1),
('printvis_pack_start_loop','php_candidate',20,'php','Candidate pack-start refresh','D:/xampp/htdocs/printvis_logic/pack_start_NAHSI.php','Candidate local chain; production invocation must be verified.','printvis_logic/pack_start_NAHSI.php',0,1),
('test_loop','python',10,'python','Harmless test heartbeat','C:/Users/Bentley.Hudson/xampp/htdocs/MySQLUpdates/process_supervisor/test_loop.py','Prints a timestamp and sleeps; no business work.','MySQLUpdates/process_supervisor/test_loop.py',1,0)
ON DUPLICATE KEY UPDATE
  step_order=VALUES(step_order), step_type=VALUES(step_type),
  display_label=VALUES(display_label), object_path=VALUES(object_path),
  description=VALUES(description), evidence_path=VALUES(evidence_path),
  source_verified=VALUES(source_verified), production_path_required=VALUES(production_path_required);

-- Every production job receives explicit impacts or a transparent verification declaration.
INSERT INTO nahsi.managed_process_impacts
  (proc_name,impact_key,display_order,object_type,relationship,schema_name,object_name,
   display_label,route_path,operational_effect,evidence_path,source_verified,production_path_required)
VALUES
('gill_update','mysql_unknown',10,'declaration','none','','','MySQL lineage requires production verification','','update_GILL.bat is not available in the current repository. Inspect it before marking Source verified.','gillingham/MySQLUpdates/update_GILL.bat',0,1),
('gill_update','pages_unknown',20,'declaration','none','','','Page impact requires production verification','','Search consumers after the production batch and downstream tables are known.','',0,1),
('hep_update','mysql_unknown',10,'declaration','none','','','MySQL lineage requires production verification','','Inspect the production Python and downstream files.','',0,1),
('hep_update','pages_unknown',20,'declaration','none','','','Page impact requires production verification','','No page claims are made without source evidence.','',0,1),
('ukgill_update_all_tables','candidate_tables',10,'declaration','none','emea_uk_gill','','Candidate UK Gill table chain','','Local update_all_tables.bat names items, locations, grids, item_locs, replen, sales_grouped, demand, optimization, history, and recommendation tables; verify the production wrapper first.','emea_ukgill_logic/update_all_tables.bat',0,1),
('ukgill_update_all_tables','candidate_pages',20,'declaration','none','','','Candidate UK Gill pages','','Likely consumers include dash_slot, heatmap, itemquery, slotting, reports, and cost pages; production source verification is required.','',0,1),
('breaklunch_ftp_1','breaklunch_read',10,'mysql_table','reads','printvis','breaklunch','Break/lunch events','','Used to create the prior-day break/lunch export.','breaklunch/ftp_nextview_1.php',1,0),
('breaklunch_ftp_1','eod_read',20,'mysql_table','reads','printvis','eod','End-of-day events','','Used to create the prior-day EOD export.','breaklunch/ftp_nextview_1.php',1,0),
('breaklunch_ftp_1','as400_read',30,'source_system','reads','HSIPCORDTA','NOTSMC01, HWSTREM','US AS/400 operational sources','','Supplies slow-moving replenishment and completed shorts extracts.','breaklunch/ftp_nextview_1.php',1,0),
('breaklunch_ftp_1','mysql_no_write',40,'declaration','none','','','No MySQL writes','','This job reads MySQL and source-system data but does not update a MySQL table.','breaklunch/ftp_nextview_1.php',1,0),
('breaklunch_ftp_1','nextview_export',50,'external_output','exports','','NextView FTP','NextView daily CSV feed','','Break/lunch, EOD, slow-moving replenishment, and shorts files become stale if the job stops.','breaklunch/ftp_nextview_1.php',1,0),
('breaklunch_ftp_1','page_no_direct',60,'declaration','none','','','No direct dashboard page','','The verified output is an external reporting feed rather than a local dashboard page.','',1,0),
('breaklunch_ftp_2','sqlserver_read',10,'source_system','reads','HenrySchein.dbo','Pack, Tote','NOTL SQL Server packing sources','','Supplies completed packing activity.','breaklunch/ftp_nextview_2.php',1,0),
('breaklunch_ftp_2','as400_read',20,'source_system','reads','ARCPCORDTA','NOTWPB, NOTWPD','Canada AS/400 pick and case sources','','Supplies NOTL and Calgary pick/case extracts.','breaklunch/ftp_nextview_2.php',1,0),
('breaklunch_ftp_2','mysql_no_write',30,'declaration','none','','','No MySQL writes','','This job reads source systems and does not update a MySQL table.','breaklunch/ftp_nextview_2.php',1,0),
('breaklunch_ftp_2','nextview_export',40,'external_output','exports','','NextView FTP','NextView Canada CSV feed','','NOTL and Calgary pack, pick, case, and parts files become stale if the job stops.','breaklunch/ftp_nextview_2.php',1,0),
('breaklunch_ftp_2','page_no_direct',50,'declaration','none','','','No direct dashboard page','','The verified output is an external reporting feed rather than a local dashboard page.','',1,0),
('breaklunch_ftp_locus','mysql_unknown',10,'declaration','none','','','MySQL lineage requires production verification','','Inspect the production scheduler and export target.','',0,1),
('breaklunch_ftp_locus','pages_unknown',20,'declaration','none','','','Page and external impact require verification','','No impact claims are made without the production source.','',0,1),
('gallin_update','mysql_unknown',10,'declaration','none','','','MySQL lineage requires production verification','','Inspect the production Gallin wrapper and downstream chain.','',0,1),
('gallin_update','pages_unknown',20,'declaration','none','','','Page impact requires production verification','','Search Gallin consumers after output tables are verified.','',0,1),

('offsys_slot_update','base_tables',10,'mysql_table','rebuilds','nahsi','locations, item_locs, replen, items, grids, grids_by_bay, lots, tiers','Warehouse master and slot structure','','Nightly source refresh for warehouse locations, items, replenishment, grids, lots, and tiers.','heatmap_logic/update_pretables.bat',1,0),
('offsys_slot_update','demand_tables',20,'mysql_table','rebuilds','nahsi','sales_grouped, demand, pkgu_percent','Demand and package-unit analytics','','Rebuilds demand inputs used by forecasting and slotting.','heatmap_logic/update_pretables.bat',1,0),
('offsys_slot_update','operational_history',30,'mysql_table','appends','nahsi','loc_oh_morning, replen_bay_hist, picks_bay_hist, shorts_by_date, inv_lines_by_date','Operational history and shorts','','Adds daily inventory, replenishment, picking, shorts, and shipped-line history.','heatmap_logic/update_pretables.bat',1,0),
('offsys_slot_update','forecast_tables',40,'mysql_table','rebuilds','nahsi','forecast_daily, forecast_model_stats','Demand forecasts','','Forecast generation currently occurs in both forecast and replenishment batch stages.','heatmap_logic/forecast_daily_populator.py',1,0),
('offsys_slot_update','replen_tables',50,'mysql_table','rebuilds','nahsi','replen_recommendations','Replenishment recommendations','','Rebuilds item-level recommendations used by replenishment workflows.','heatmap_logic/replen_recommendations_populator.py',1,0),
('offsys_slot_update','accuracy_tables',60,'mysql_table','rebuilds','nahsi','forecast_accuracy_daily, replen_accuracy_daily, accuracy_summary_daily','Forecast and replenishment accuracy','','Rebuilds accuracy data used by admin review and trend surfaces.','heatmap_logic/accuracy_tracking_populator.py',1,0),
('offsys_slot_update','slotting_tables',70,'mysql_table','rebuilds','nahsi','recom_slotsize, optimal_walkdist, impliedreplen_all, slotcost, feedback_weights','Slotting recommendations and cost outputs','','Rebuilds primary slotting recommendation and scoring outputs.','heatmap_logic/update_NAHSI.bat',1,0),
('offsys_slot_update','slotting_history',80,'mysql_table','appends','nahsi','hist_itemrecs, daily_slot_hist, consecutive_reccs, slot_tracking','Recommendation and slot history','','Preserves daily recommendations, consecutive streaks, and slot-tracking history.','heatmap_logic/update_NAHSI.bat',1,0),
('offsys_slot_update','opportunity_tables',90,'mysql_table','rebuilds','nahsi','emptylocs, ip_opps, slotpri_palletpkgu, cancel_bo','Capacity and opportunity outputs','','Refreshes empty locations, inner-pack opportunities, pallet flags, and cancel-backorder data.','heatmap_logic/update_NAHSI.bat',1,0),
('offsys_slot_update','fom_tables',100,'mysql_table','rebuilds','nahsi','fomraw, fomaverage','FOM demand outputs','','Refreshes raw and averaged FOM demand data.','heatmap_logic/update_NAHSI.bat',1,0),
('offsys_slot_update','replen_page',110,'dashboard_page','feeds','','replen_dashboard.php','Replenishment Dashboard','/nahsi/replen_dashboard.php','Recommendations and demand inputs become stale when the nightly chain fails.','nahsi/replen_dashboard.php',1,0),
('offsys_slot_update','accuracy_review_page',120,'dashboard_page','feeds','','accuracy_review.php','Accuracy Review','/nahsi/accuracy_review.php','Forecast/replenishment accuracy review becomes stale.','nahsi/accuracy_review.php',1,0),
('offsys_slot_update','forecast_accuracy_page',130,'dashboard_page','feeds','','forecast_accuracy_dashboard.php','Forecast Accuracy Dashboard','/nahsi/forecast_accuracy_dashboard.php','Daily forecast and accuracy KPIs become stale.','nahsi/forecast_accuracy_dashboard.php',1,0),
('offsys_slot_update','slotting_page',140,'dashboard_page','feeds','','dash_slot.php','Slotting Dashboard','/nahsi/dash_slot.php','Recommendation, cost, capacity, and location data become stale.','nahsi/dash_slot.php',1,0),
('offsys_slot_update','heatmap_page',150,'dashboard_page','feeds','','heatmap.php','Warehouse Heatmap','/nahsi/heatmap.php','Slotting and warehouse-state visualization becomes stale.','nahsi/heatmap.php',1,0),
('offsys_slot_update','itemquery_page',160,'dashboard_page','feeds','','itemquery.php','Item Query','/nahsi/itemquery.php','Item demand, slotting, and location context becomes stale.','nahsi/itemquery.php',1,0),

('offsys_slot_update_CAN','candidate_tables',10,'declaration','none','canada','','Candidate Canada table chain','','Local update_CAN.bat names base, demand, replenishment, recommendation, score, history, and empty-location tables; verify the production wrapper first.','heatmap_logic/update_CAN.bat',0,1),
('offsys_slot_update_CAN','candidate_pages',20,'declaration','none','','','Candidate Canada pages','','Likely consumers include Canada slotting, heatmap, item, forecast, needs, operations, and reports pages; verify before marking Source verified.','',0,1),
('nahsi_shorts_item','candidate_tables',10,'declaration','none','nahsi','','Candidate item-shorts tables','','Candidate PHP reads loc_oh/AS400 NPTSHT and writes shorts_daily_item plus shorts_daily_itemhistory. Verify production invocation.','heatmap_logic/tbl_update_NAHSI_shorts_item.php',0,1),
('nahsi_shorts_item','candidate_pages',20,'declaration','none','','','Candidate live-shorts pages','','Likely consumers include shorts expeditor, live shorts, picker detail, and high-impact shorts surfaces. Verify production source.','',0,1),

('jobsched_loops','pack_tables',10,'mysql_table','rebuilds','printvis','pack_opentotes, totetimes_merge, totetimes, alltote_history','Open tote and packing activity','','Refreshes active tote timing and packing workload.','MySQLUpdates/totedata.php',1,0),
('jobsched_loops','batch_tables',20,'mysql_table','rebuilds','printvis','batch_start_merge, batch_start, tote_end_merge, tote_end','Batch starts and tote completion','','Refreshes batch start and tote end timing.','MySQLUpdates/totedata.php',1,0),
('jobsched_loops','shorts_tables',30,'mysql_table','appends','printvis','shorts_daily, shorts_daily_item, shorts_history','Packing shorts','','Refreshes current shorts and appends detailed history.','MySQLUpdates/totedata.php',1,0),
('jobsched_loops','taskpred_table',40,'mysql_table','rebuilds','printvis','taskpred','Task completion predictions','','Refreshes task minimum/maximum completion estimates.','MySQLUpdates/totedata.php',1,0),
('jobsched_loops','external_sources',50,'source_system','reads','','SQL Server and AS/400','Pack, Pick, Tote, NOTWPB, NOTWPD, NPFIMS, NOFNVI','', 'Supplies live pack/tote activity and timestamps.','MySQLUpdates/totedata.php',1,0),
('jobsched_loops','packtimes_page',60,'php_page','feeds','','packtimes.php','PrintVis Pack Times','/printvis/packtimes.php','Packing activity, workload, and timing become stale.','printvis/packtimes.php',1,0),
('jobsched_loops','shorts_page',70,'declaration','feeds','','','Shorts and production widgets','','Live shorts, loose priorities, production headers, staged reports, and batch/tote modals consume these tables.','global_dash/reports/shorts_expeditor.php',1,0),
('jobsched_loops','ops_consumers',80,'declaration','feeds','','','Shared production and priority widgets','','Loose priorities, production headers, staged reports, and batch/tote modals consume these tables.','global_dash/data_stats',1,0),

('table_sched_mysqlupdates','mysql_unknown',10,'declaration','none','','','MySQL lineage requires production verification','','Inspect table_sched_mysqlupdates.py before associating local batch files.','',0,1),
('table_sched_mysqlupdates','pages_unknown',20,'declaration','none','','','Page impact requires production verification','','No page claims are made without the production scheduler.','',0,1),
('todaypage_loop','candidate_table',10,'declaration','none','nahsi','','Candidate Today page table','','Local candidate target writes descartes_loadtype from AS/400 sources; verify production invocation.','MySQLUpdates/tblupdate_todaypage.php',0,1),
('todaypage_loop','candidate_page',20,'declaration','none','','','Candidate Today operations page','','Likely affects today_page.php and shared schedule/search data. Verify production source.','nahsi/today_page.php',0,1),
('printvis_caserefresh','candidate_tables',10,'declaration','none','printvis','','Candidate Case Pick tables','','Local caserefresh chain writes case work, start/end, equipment, labor, not-printed, and hour-bucket tables; verify wrapper.','printvis/datapull/caserefresh.bat',0,1),
('printvis_caserefresh','candidate_page',20,'declaration','none','','','Candidate Case Pick page','','Likely feeds vis_casepick.php and its endpoints/modals; verify production wrapper and schedule.','nahsi/vis_casepick.php',0,1),
('printvis_table_sched','mysql_unknown',10,'declaration','none','','','MySQL lineage requires production verification','','Inspect the production scheduler before assigning downstream batches.','',0,1),
('printvis_table_sched','pages_unknown',20,'declaration','none','','','Page impact requires production verification','','No page claims are made without the production scheduler.','',0,1),
('printvis_loc_oh_loop','candidate_table',10,'declaration','none','nahsi','','Candidate loc_oh refresh','','Local candidate reads AS/400 location sources and upserts nahsi.loc_oh; verify production wrapper.','printvis_logic/loc_oh_NAHSI.php',0,1),
('printvis_loc_oh_loop','candidate_pages',20,'declaration','none','','','Candidate slotting and replenishment pages','','loc_oh feeds replenishment, capacity, empty-location, shorts, and slotting-opportunity surfaces. Verify wrapper.','',0,1),
('printvis_pack_start_loop','candidate_table',10,'declaration','none','nahsi','','Candidate pack_start refresh','','Local candidate reads AS/400 NOFNVI and writes nahsi.pack_start; verify production wrapper.','printvis_logic/pack_start_NAHSI.php',0,1),
('printvis_pack_start_loop','candidate_pages',20,'declaration','none','','','No verified direct dashboard consumer','','Only downstream code usage is currently visible; production source verification is required.','',0,1),
('test_loop','mysql_none',10,'declaration','none','','','No MySQL impact','','The test loop reads and writes no business tables.','MySQLUpdates/process_supervisor/test_loop.py',1,0),
('test_loop','page_none',20,'declaration','none','','','No application-page impact','','The loop exists only to validate supervisor mechanics.','MySQLUpdates/process_supervisor/test_loop.py',1,0)
ON DUPLICATE KEY UPDATE
  display_order=VALUES(display_order), object_type=VALUES(object_type),
  relationship=VALUES(relationship), schema_name=VALUES(schema_name),
  object_name=VALUES(object_name), display_label=VALUES(display_label),
  route_path=VALUES(route_path), operational_effect=VALUES(operational_effect),
  evidence_path=VALUES(evidence_path), source_verified=VALUES(source_verified),
  production_path_required=VALUES(production_path_required);
