-- Version-controlled operational lineage for Admin > Process Monitor.
-- Source verified means code was traced without executing the business update.
-- Production path and runtime observations are deliberately preserved on re-run.
-- 2026-07-17: expanded from production lineage snapshots round 1 + round 2.

INSERT INTO nahsi.managed_process_catalog
  (proc_name, display_name, system_name, purpose, schedule_summary, timezone_name,
   criticality, outage_effect, source_repository, documentation_note,
   is_production, source_verified, source_verified_at,
   production_path_verified, runtime_observed)
VALUES
('gill_update','Gillingham Warehouse Update','Gillingham','Starts the Gillingham warehouse update chain.','Daily at 22:30','Server local time',NULL,'Gillingham operational data becomes stale.','https://github.com/benthud82/gillingham','Production chain: gill_update.py -> update_GILL.bat -> update_master.php.',1,1,'2026-07-17 00:00:00',0,0),
('hep_update','HEP Warehouse Update','HEP','Runs the HEP warehouse update chain.','Daily at 21:30','Server local time',NULL,'HEP operational data may become stale.','','Production chain: hep_update.py -> update_hep.bat -> HEP MySQLUpdates PHP table scripts.',1,1,'2026-07-17 00:00:00',0,0),
('ukgill_update_all_tables','UK Gill Full Table Update','EMEA UK Gill','Refreshes UK Gill base data, demand analytics, optimization outputs, and recommendation history.','Daily at 22:10 Mon-Fri','Server local time',NULL,'UK Gill slotting and reporting surfaces may show stale warehouse data.','https://github.com/benthud82/emea_ukgill_logic','Production chain traced through update_all_tables.bat into PHP table updates and heatmap_recommender.py.',1,1,'2026-07-17 00:00:00',0,0),
('breaklunch_ftp_1','NextView Daily Operations Export','Break/Lunch and NextView','Exports break/lunch, EOD, slow-moving replenishment, and shorts data to NextView.','Daily at 05:01','Server local time',NULL,'NextView daily operational files become stale; this job does not write MySQL.','https://github.com/benthud82/breaklunch','Python, batch, PHP, source queries, and FTP output traced from GitHub.',1,1,'2026-07-12 00:00:00',0,0),
('breaklunch_ftp_2','NextView Canada Pack/Pick Export','Break/Lunch and NextView','Exports NOTL and Calgary pack, pick, case, and parts data to NextView.','Daily at 23:00','Server local time',NULL,'NextView Canada operational files become stale; this job does not write MySQL.','https://github.com/benthud82/breaklunch','Python, batch, PHP, source queries, and FTP output traced from GitHub.',1,1,'2026-07-12 00:00:00',0,0),
('breaklunch_ftp_locus','NextView Locus Export','Break/Lunch and NextView','Exports Locus pick data via SFTP.','Daily at 01:01','Server local time',NULL,'Locus export consumers may receive stale data.','','Production chain: table_sched_ftp_locus.py -> ftp_locus_pick.bat -> sftp_locus_pick.php.',1,1,'2026-07-17 00:00:00',0,0),
('gallin_update','Gallin Warehouse Update','Gallin','Runs the Gallin warehouse update chain.','Daily at 21:00','Server local time',NULL,'Gallin slotting and operational data may become stale.','https://github.com/benthud82/gallin_logic','Production wrapper schedules update_gallin_tables.bat at 21:00. Batch PHP and heatmap_recommender hops were traced from the production bat.',1,1,'2026-07-17 00:00:00',0,0),
('offsys_slot_update','NAHSI Nightly Slotting Pipeline','NAHSI','Runs the US pretable, forecasting, replenishment, accuracy, slotting, and downstream history pipeline.','Daily at 03:10','Server local time',NULL,'NAHSI slotting, replenishment, forecasting, shorts, capacity, and accuracy surfaces become stale.','https://github.com/benthud82/heatmap_logic','Local wrapper and all four batch stages traced.',1,1,'2026-07-12 00:00:00',0,0),
('offsys_slot_update_CAN','Canada Nightly Slotting Pipeline','Canada Slotting','Runs the Canada warehouse data and slotting update chain.','Daily at 03:12','Server local time',NULL,'Canada slotting and operational reporting may become stale.','https://github.com/benthud82/heatmap_logic','Production chain traced through update_CAN.bat into Canada PHP table-update scripts.',1,1,'2026-07-17 00:00:00',0,0),
('nahsi_shorts_item','NAHSI Item Shorts Refresh','NAHSI Shorts','Refreshes item shorts and related operational tables on a five-minute weekday cadence.','Every 5 minutes Mon-Fri 04:00-23:55','US/Eastern',NULL,'Live shorts and expeditor surfaces may show stale item shortages.','https://github.com/benthud82/heatmap_logic','Production wrapper schedules five active batches; PHP hops traced from those bats. Obsolete CAN shorts bat call is not cataloged.',1,1,'2026-07-17 00:00:00',0,0),
('jobsched_loops','PrintVis Tote and Packing Refresh','PrintVis','Refreshes open totes, packing activity, shorts, task predictions, batch starts, and tote completions.','Every minute; business refresh Mon-Fri 04:00-23:55','US/Eastern',NULL,'Pack visibility, loose priorities, shorts, and tote timing pages become stale.','https://github.com/benthud82/MySQLUpdates','Python, batch, PHP, source queries, and MySQL writes traced locally.',1,1,'2026-07-12 00:00:00',0,0),
('table_sched_mysqlupdates','MySQLUpdates Scheduled Refresh','MySQLUpdates','Runs the production MySQLUpdates scheduler chain.','Daily at 04:50','Server local time',NULL,'One or more shared warehouse dashboards may receive stale data.','https://github.com/benthud82/MySQLUpdates','Production chain traced through slottingdashboard.bat and custscorecard.bat into their PHP targets.',1,1,'2026-07-17 00:00:00',0,0),
('todaypage_loop','Today Page Refresh','NAHSI Today Page','Refreshes data used by the Today operations page.','Every 1 minute Mon-Fri 04:00-23:55','US/Eastern',NULL,'Today schedule, search, and load-type information may become stale.','https://github.com/benthud82/MySQLUpdates','Production chain: todaypage_loop.py -> tblupdate_todaypage.bat -> tblupdate_todaypage.php.',1,1,'2026-07-17 00:00:00',0,0),
('printvis_caserefresh','PrintVis Case Pick Refresh','PrintVis Case Pick','Refreshes case-pick work and related prediction batches.','Every 1 minute Mon-Fri 04:00-23:55','US/Eastern',NULL,'Case Pick and Burndown views may show stale work and estimates.','https://github.com/benthud82/printvis','Production chain traced through caserefresh and prediction bats into datapull PHP targets.',1,1,'2026-07-17 00:00:00',0,0),
('printvis_table_sched','PrintVis General Table Scheduler','PrintVis','Runs case/loose volume history and case-pick forecast refresh.','Daily at 05:50','Server local time',NULL,'Case-pick forecast and related dashboards may receive stale data.','https://github.com/benthud82/printvis','Production chain traced through update_histcasevol.bat into PHP, Python forecast, and R forecast hops.',1,1,'2026-07-17 00:00:00',0,0),
('printvis_loc_oh_loop','PrintVis Location On-Hand Refresh','PrintVis Logic / NAHSI','Refreshes location on-hand inventory and box progress data.','Every 1 minute Mon-Fri 04:00-23:55','US/Eastern',NULL,'Replenishment, capacity, empty-location, and slotting opportunity views may become stale.','https://github.com/benthud82/printvis_logic','Production chain traced through truncate/loc_oh/box bats into NAHSI and Canada PHP targets.',1,1,'2026-07-17 00:00:00',0,0),
('printvis_pack_start_loop','PrintVis Pack Start Refresh','PrintVis Logic / NAHSI','Refreshes pack-start and packing/EOL error data.','Every 5 minutes Mon-Fri 04:00-23:55','US/Eastern',NULL,'Pack-start dependent calculations may become stale.','https://github.com/benthud82/printvis_logic','Production chain: pack_start_loop.py -> pack_start.bat -> pack_start_NAHSI.php, packing_errors.php, eol_errors.php.',1,1,'2026-07-17 00:00:00',0,0),
('receiving_cost_loop','Receiving Location Cost Loop','NAHSI Receiving','Runs outcome attribution, receipt collection, candidate evaluation, and cost scoring for each enabled warehouse.','Every 5 minutes start-to-start (configurable)','America/Chicago','high','Receiving-location coaching, run health, and historical cost attribution become stale.','https://github.com/benthud82/heatmap_logic','PHP loop, runner, stage scripts, receiving tables, and dashboard consumers were traced from source.',1,1,'2026-07-14 00:00:00',0,0),
('test_loop','Supervisor Test Loop','Process Supervisor','Harmless local heartbeat used to validate process control, logs, and restart behavior.','Every 10 seconds','Server local time','standard','No business impact.','', 'Local validation only; reads and writes no business data.',0,1,'2026-07-12 00:00:00',1,0)
ON DUPLICATE KEY UPDATE
  display_name=VALUES(display_name), system_name=VALUES(system_name),
  purpose=VALUES(purpose), schedule_summary=VALUES(schedule_summary),
  timezone_name=VALUES(timezone_name), criticality=VALUES(criticality),
  outage_effect=VALUES(outage_effect), source_repository=VALUES(source_repository),
  documentation_note=VALUES(documentation_note), is_production=VALUES(is_production),
  source_verified=VALUES(source_verified), source_verified_at=VALUES(source_verified_at);

-- Clear rewritten process steps/impacts so obsolete keys do not remain.
DELETE FROM nahsi.managed_process_steps
WHERE proc_name IN (
  'gill_update','hep_update','ukgill_update_all_tables','breaklunch_ftp_locus',
  'gallin_update','offsys_slot_update_CAN','nahsi_shorts_item','table_sched_mysqlupdates',
  'todaypage_loop','printvis_caserefresh','printvis_table_sched','printvis_loc_oh_loop',
  'printvis_pack_start_loop'
);

DELETE FROM nahsi.managed_process_impacts
WHERE proc_name IN (
  'gill_update','hep_update','ukgill_update_all_tables','breaklunch_ftp_locus',
  'gallin_update','offsys_slot_update_CAN','nahsi_shorts_item','table_sched_mysqlupdates',
  'todaypage_loop','printvis_caserefresh','printvis_table_sched','printvis_loc_oh_loop',
  'printvis_pack_start_loop'
);

INSERT INTO nahsi.managed_process_steps
  (proc_name,step_key,step_order,step_type,display_label,object_path,description,evidence_path,source_verified,production_path_required)
VALUES
('gill_update','python',10,'python','Gillingham scheduler','D:/xampp/htdocs/gillingham/MySQLUpdates/gill_update.py','Schedules the Gillingham update at 22:30.','gillingham/MySQLUpdates/gill_update.py',1,1),
('gill_update','batch',20,'batch','Gillingham update batch','D:/xampp/htdocs/gillingham/MySQLUpdates/update_GILL.bat','Launches update_master.php.','gillingham/MySQLUpdates/update_GILL.bat',1,1),
('gill_update','php',30,'php','Gillingham master update','D:/xampp/htdocs/Gillingham/MySQLUpdates/update_master.php','Primary Gillingham table-update orchestrator invoked by update_GILL.bat.','gillingham/MySQLUpdates/update_GILL.bat',1,1),
('hep_update','python',10,'python','HEP scheduler','D:/xampp/htdocs/hep/MySQLUpdates/hep_update.py','Schedules the HEP update at 21:30.','hep/MySQLUpdates/hep_update.py',1,1),
('hep_update','batch',20,'batch','HEP update batch','D:/xampp/htdocs/hep/MySQLUpdates/update_hep.bat','Orchestrates HEP MySQLUpdates PHP scripts.','hep/MySQLUpdates/update_hep.bat',1,1),
('hep_update','php_master',30,'php','HEP slot master and item location','D:/xampp/htdocs/hep/MySQLUpdates/tableupdate_slotmaster.php','Also runs tableupdate_item_location.php and tableupdate_npfcpcsettings.php.','hep/MySQLUpdates/update_hep.bat',1,1),
('hep_update','php_demand',40,'php','HEP picking and demand','D:/xampp/htdocs/hep/MySQLUpdates/tableupdate_picking.php','Also runs DemandGrouping.php and pkguqtypercentupdate.php.','hep/MySQLUpdates/update_hep.bat',1,1),
('hep_update','php_grids',50,'php','HEP current grids and scoring','D:/xampp/htdocs/hep/MySQLUpdates/NPFMVC_Update_currentgrids.php','Also runs optimalbayloose_currentgrids.php and itemscore.php. Volume variants are commented out.','hep/MySQLUpdates/update_hep.bat',1,1),
('ukgill_update_all_tables','python',10,'python','UK Gill scheduler','D:/xampp/htdocs/emea_ukgill_logic/update_all_tables.py','Schedules the UK Gill full update weekdays at 22:10.','emea_ukgill_logic/update_all_tables.py',1,1),
('ukgill_update_all_tables','batch',20,'batch','UK Gill full table batch','D:/xampp/htdocs/emea_ukgill_logic/update_all_tables.bat','Orchestrates UK Gill PHP table updates and heatmap recommender.','emea_ukgill_logic/update_all_tables.bat',1,1),
('ukgill_update_all_tables','php_base',30,'php','UK Gill base tables','D:/xampp/htdocs/emea_ukgill_logic/tableupdate_items.php','Phase 1 also updates locations/grids, item_locs, and replen.','emea_ukgill_logic/update_all_tables.bat',1,1),
('ukgill_update_all_tables','php_demand',40,'php','UK Gill sales and demand','D:/xampp/htdocs/emea_ukgill_logic/tableupdate_demand.php','Phases 2-5 update sales, sales_grouped, demand, curr_implied_replen, and pkgu_percent.','emea_ukgill_logic/update_all_tables.bat',1,1),
('ukgill_update_all_tables','php_slotting',50,'php','UK Gill slotting outputs','D:/xampp/htdocs/emea_ukgill_logic/tableupdate_impliedreplen_all.php','Also updates picks_bay_hist, emptylocs, slotcost, hist_itemrecs, and consecutive_reccs.','emea_ukgill_logic/update_all_tables.bat',1,1),
('ukgill_update_all_tables','python_recom',60,'python','UK Gill heatmap recommender','D:/xampp/htdocs/emea_ukgill_logic/heatmap_recommender.py','Runs LSE recommendations for emea_uk_gill.','emea_ukgill_logic/update_all_tables.bat',1,1),
('breaklunch_ftp_1','python',10,'python','NextView export scheduler','D:/xampp/htdocs/breaklunch/table_sched_ftp_1.py','Schedules the first NextView export at 05:01.','breaklunch/table_sched_ftp_1.py',1,1),
('breaklunch_ftp_1','batch',20,'batch','NextView export batch 1','D:/xampp/htdocs/breaklunch/update_ftp_nextview_1.bat','Launches the PHP export.','breaklunch/update_ftp_nextview_1.bat',1,1),
('breaklunch_ftp_1','php',30,'php','NextView export generator 1','D:/xampp/htdocs/breaklunch/ftp_nextview_1.php','Reads operational sources, writes CSV files, and uploads them to NextView FTP.','breaklunch/ftp_nextview_1.php',1,1),
('breaklunch_ftp_2','python',10,'python','Canada NextView export scheduler','D:/xampp/htdocs/breaklunch/table_sched_ftp_2.py','Schedules the second NextView export at 23:00.','breaklunch/table_sched_ftp_2.py',1,1),
('breaklunch_ftp_2','batch',20,'batch','NextView export batch 2','D:/xampp/htdocs/breaklunch/update_ftp_nextview_2.bat','Launches the Canada PHP export.','breaklunch/update_ftp_nextview_2.bat',1,1),
('breaklunch_ftp_2','php',30,'php','NextView export generator 2','D:/xampp/htdocs/breaklunch/ftp_nextview_2.php','Reads Pack/Tote and Canadian AS/400 data, writes CSV files, and uploads them.','breaklunch/ftp_nextview_2.php',1,1),
('breaklunch_ftp_locus','python',10,'python','Locus export scheduler','D:/xampp/htdocs/breaklunch/table_sched_ftp_locus.py','Schedules the Locus export at 01:01.','breaklunch/table_sched_ftp_locus.py',1,1),
('breaklunch_ftp_locus','batch',20,'batch','Locus export batch','D:/xampp/htdocs/breaklunch/ftp_locus_pick.bat','Launches sftp_locus_pick.php.','breaklunch/ftp_locus_pick.bat',1,1),
('breaklunch_ftp_locus','php',30,'php','Locus SFTP export','D:/xampp/htdocs/breaklunch/sftp_locus_pick.php','Produces and uploads the Locus pick export.','breaklunch/ftp_locus_pick.bat',1,1),
('gallin_update','python',10,'python','Gallin scheduler','D:/xampp/htdocs/gallin_logic/gallin_update.py','Schedules the Gallin update at 21:00.','gallin_logic/gallin_update.py',1,1),
('gallin_update','batch',20,'batch','Gallin tables batch','D:/xampp/htdocs/gallin_logic/update_gallin_tables.bat','Orchestrates Gallin PHP table updates and heatmap recommender runs.','gallin_logic/update_gallin_tables.bat',1,1),
('gallin_update','php_base',30,'php','Gallin base reference tables','D:/xampp/htdocs/gallin_logic/tableupdate_replen.php','Phase 1 chain also updates temp picking/storage/replen, grids, item_locs, locations, emptylocs, sales, item master, and items.','gallin_logic/update_gallin_tables.bat',1,1),
('gallin_update','php_demand',40,'php','Gallin demand analytics','D:/xampp/htdocs/gallin_logic/tableupdate_demand.php','Phase 2-3 chain updates avg_inventory, sales_grouped, demand, curr_implied_replen, pkgu_percent, and picks_bay_hist.','gallin_logic/update_gallin_tables.bat',1,1),
('gallin_update','php_cost',50,'php','Gallin implied replen and costs','D:/xampp/htdocs/gallin_logic/tbl_update_imp_replen.php','Phase 4-5 updates impliedreplen_all, no_sales, error badges; pickcost_all is commented out.','gallin_logic/update_gallin_tables.bat',1,1),
('gallin_update','python_recom',60,'python','Gallin heatmap recommender','D:/xampp/htdocs/emea_ukgill_logic/heatmap_recommender.py','Phase 6 runs Level 1 and Level 2 LSE recommendations for Gallin.','gallin_logic/update_gallin_tables.bat',1,1),
('gallin_update','php_final',70,'php','Gallin slot cost and history','D:/xampp/htdocs/gallin_logic/tableupdate_slotcost.php','Phase 7 updates slotcost, hist_itemrecs, and daily_slot_hist.','gallin_logic/update_gallin_tables.bat',1,1),
('offsys_slot_update','python',10,'python','NAHSI nightly scheduler','D:/xampp/htdocs/heatmap_logic/offsys_slot_update.py','Schedules the nightly NAHSI update at 03:10.','heatmap_logic/offsys_slot_update.py',1,1),
('offsys_slot_update','pretables',20,'batch','Pretable refresh','D:/xampp/htdocs/heatmap_logic/update_pretables.bat','Refreshes warehouse master, demand-source, replenishment, history, shorts, and invoice-line tables.','heatmap_logic/update_pretables.bat',1,1),
('offsys_slot_update','forecast',30,'batch','Demand forecast refresh','D:/xampp/htdocs/heatmap_logic/run_forecast_daily.bat','Builds forecast_daily and forecast_model_stats.','heatmap_logic/run_forecast_daily.bat',1,1),
('offsys_slot_update','replen',40,'batch','Replenishment and accuracy refresh','D:/xampp/htdocs/heatmap_logic/run_replen_recommendations.bat','Rebuilds forecast, recommendations, and accuracy tables.','heatmap_logic/run_replen_recommendations.bat',1,1),
('offsys_slot_update','downstream',50,'batch','Slotting downstream refresh','D:/xampp/htdocs/heatmap_logic/update_NAHSI.bat','Builds slotting recommendations, costs, history, tracking, opportunities, and FOM outputs.','heatmap_logic/update_NAHSI.bat',1,1),
('offsys_slot_update_CAN','python',10,'python','Canada nightly scheduler','D:/xampp/htdocs/heatmap_logic/offsys_slot_update_CAN.py','Schedules the Canada nightly update at 03:12.','heatmap_logic/offsys_slot_update_CAN.py',1,1),
('offsys_slot_update_CAN','batch',20,'batch','Canada update chain','D:/xampp/htdocs/heatmap_logic/update_CAN.bat','Orchestrates Canada PHP table-update scripts.','heatmap_logic/update_CAN.bat',1,1),
('offsys_slot_update_CAN','php_base',30,'php','Canada base tables','D:/xampp/htdocs/heatmap_logic/tbl_update_CAN_location.php','Also updates loc_oh morning snapshot, sales_grouped, item_locs, replen, items, grids, lots, and tiers.','heatmap_logic/update_CAN.bat',1,1),
('offsys_slot_update_CAN','php_demand',40,'php','Canada demand and history','D:/xampp/htdocs/heatmap_logic/tbl_update_CAN_demand.php','Also updates suggreplen, pkgu_percent, implied replen current, bay history, shortsdetail, and inv lines.','heatmap_logic/update_CAN.bat',1,1),
('offsys_slot_update_CAN','php_slotting',50,'php','Canada slotting outputs','D:/xampp/htdocs/heatmap_logic/tbl_update_recom_slotsize_CAN.php','Also updates impliedreplen all, pickcost, slotscore, hist_itemrecs, consecutive_reccs, daily_slot_hist, palletpkgu, slot_tracking, and emptylocs.','heatmap_logic/update_CAN.bat',1,1),
('nahsi_shorts_item','python',10,'python','Item shorts scheduler','D:/xampp/htdocs/heatmap_logic/tbl_update_NAHSI_shorts_item.py','Schedules five active batches every 5 minutes Mon-Fri 04:00-23:55.','heatmap_logic/tbl_update_NAHSI_shorts_item.py',1,1),
('nahsi_shorts_item','shorts_us_bat',20,'batch','US item shorts batch','D:/xampp/htdocs/heatmap_logic/tbl_update_NAHSI_shorts_item.bat','Launches tbl_update_NAHSI_shorts_item.php.','heatmap_logic/tbl_update_NAHSI_shorts_item.bat',1,1),
('nahsi_shorts_item','shorts_us_php',30,'php','US item shorts refresh','D:/xampp/htdocs/heatmap_logic/tbl_update_NAHSI_shorts_item.php','Refreshes US item-level shorts tables.','heatmap_logic/tbl_update_NAHSI_shorts_item.bat',1,1),
('nahsi_shorts_item','emptylocs_bat',40,'batch','Empty locations batch','D:/xampp/htdocs/heatmap_logic/tbl_update_emptylocs.bat','Launches NAHSI and Canada emptylocs PHP.','heatmap_logic/tbl_update_emptylocs.bat',1,1),
('nahsi_shorts_item','emptylocs_php',50,'php','Empty locations refresh','D:/xampp/htdocs/heatmap_logic/tbl_update_NAHSI_emptylocs.php','Also runs tbl_update_CAN_emptylocs.php.','heatmap_logic/tbl_update_emptylocs.bat',1,1),
('nahsi_shorts_item','dsl2_bat',60,'batch','DSL2 batch','D:/xampp/htdocs/heatmap_logic/tbl_update_dsl2.bat','Launches NAHSI and Canada DSL2 PHP.','heatmap_logic/tbl_update_dsl2.bat',1,1),
('nahsi_shorts_item','dsl2_php',70,'php','DSL2 refresh','D:/xampp/htdocs/heatmap_logic/tbl_update_NAHSI_dsl2.php','Also runs tbl_update_CAN_dsl2.php.','heatmap_logic/tbl_update_dsl2.bat',1,1),
('nahsi_shorts_item','sugg_replen_bat',80,'batch','Suggested replenishment batch','D:/xampp/htdocs/heatmap_logic/sugg_replen.bat','Launches tbl_update_NAHSI_suggreplen.php.','heatmap_logic/sugg_replen.bat',1,1),
('nahsi_shorts_item','sugg_replen_php',90,'php','Suggested replenishment refresh','D:/xampp/htdocs/heatmap_logic/tbl_update_NAHSI_suggreplen.php','Refreshes suggested replenishment outputs.','heatmap_logic/sugg_replen.bat',1,1),
('nahsi_shorts_item','mm_bat',100,'batch','MM / Locus timing batch','D:/xampp/htdocs/heatmap_logic/tbl_update_mm_last_transaction.bat','Launches monitor/manage and locus picktimes PHP.','heatmap_logic/tbl_update_mm_last_transaction.bat',1,1),
('nahsi_shorts_item','mm_php',110,'php','MM board and locus picktimes','D:/xampp/htdocs/heatmap_logic/tbl_update_NAHSI_monitor_and_manage.php','Also runs tbl_update_NAHSI_locus_picktimes.php.','heatmap_logic/tbl_update_mm_last_transaction.bat',1,1),
('jobsched_loops','python',10,'python','Tote refresh scheduler','D:/xampp/htdocs/MySQLUpdates/jobsched_loops.py','Checks every minute and runs during the weekday operating window.','MySQLUpdates/jobsched_loops.py',1,1),
('jobsched_loops','batch',20,'batch','Tote refresh batch','D:/xampp/htdocs/MySQLUpdates/toterefresh.bat','Launches totedata.php.','MySQLUpdates/toterefresh.bat',1,1),
('jobsched_loops','php',30,'php','Tote and packing data refresh','D:/xampp/htdocs/MySQLUpdates/totedata.php','Refreshes PrintVis tote, packing, shorts, batch, completion, and task-prediction data.','MySQLUpdates/totedata.php',1,1),
('table_sched_mysqlupdates','python',10,'python','MySQLUpdates scheduler','D:/xampp/htdocs/MySQLUpdates/table_sched_mysqlupdates.py','Schedules slottingdashboard.bat and custscorecard.bat at 04:50.','MySQLUpdates/table_sched_mysqlupdates.py',1,1),
('table_sched_mysqlupdates','slottingdashboard',20,'batch','Slotting dashboard batch','D:/xampp/htdocs/MySQLUpdates/slottingdashboard.bat','Runs slotting, shorts, moves, invoice-lines, FOM, and related PHP refresh scripts.','MySQLUpdates/slottingdashboard.bat',1,1),
('table_sched_mysqlupdates','slotting_php',30,'php','Slotting dashboard PHP chain','D:/xampp/htdocs/MySQLUpdates/tsmupdate.php','Representative first hop; batch also runs DSL2, lots, CFR/PTB recs, picksbybay, tiercounts, shortsdetail, movescount, invlinesshipped, logic-control, elapsed-time, caseopps, ipopps, and FOM PHP scripts.','MySQLUpdates/slottingdashboard.bat',1,1),
('table_sched_mysqlupdates','custscorecard',40,'batch','Customer scorecard batch','D:/xampp/htdocs/MySQLUpdates/custscorecard.bat','Runs customer scorecard and fill-rate related PHP scripts.','MySQLUpdates/custscorecard.bat',1,1),
('table_sched_mysqlupdates','scorecard_php',50,'php','Customer scorecard PHP chain','D:/xampp/htdocs/MySQLUpdates/customerscores_BILLTO.php','Also runs IM0011_FRissues, custreturnsmergeupdate, ITEMFILLRATE, salesplan, fillrate, delivery_dates, massalgorithm, and other scorecard PHP scripts.','MySQLUpdates/custscorecard.bat',1,1),
('todaypage_loop','python',10,'python','Today page scheduler','D:/xampp/htdocs/MySQLUpdates/todaypage_loop.py','Schedules tblupdate_todaypage.bat every minute Mon-Fri 04:00-23:55.','MySQLUpdates/todaypage_loop.py',1,1),
('todaypage_loop','batch',20,'batch','Today page batch','D:/xampp/htdocs/MySQLUpdates/tblupdate_todaypage.bat','Launches tblupdate_todaypage.php.','MySQLUpdates/tblupdate_todaypage.bat',1,1),
('todaypage_loop','php',30,'php','Today page refresh','D:/xampp/htdocs/MySQLUpdates/tblupdate_todaypage.php','Refreshes Today page source data.','MySQLUpdates/tblupdate_todaypage.bat',1,1),
('printvis_caserefresh','python',10,'python','Case Pick scheduler','D:/xampp/htdocs/printvis/datapull/jobsched_caserefresh_bat.py','Schedules four PrintVis datapull batches every minute Mon-Fri 04:00-23:55.','printvis/datapull/jobsched_caserefresh_bat.py',1,1),
('printvis_caserefresh','caserefresh_bat',20,'batch','Case refresh batch','D:/xampp/htdocs/printvis/datapull/caserefresh.bat','Launches casedata.php and opencases.php.','printvis/datapull/caserefresh.bat',1,1),
('printvis_caserefresh','casedata_php',30,'php','Case data refresh','D:/xampp/htdocs/printvis/datapull/casedata.php','Refreshes case-pick work data.','printvis/datapull/caserefresh.bat',1,1),
('printvis_caserefresh','opencases_php',40,'php','Open cases refresh','D:/xampp/htdocs/printvis/datapull/opencases.php','Refreshes open/not-printed case data.','printvis/datapull/caserefresh.bat',1,1),
('printvis_caserefresh','loosepickpred_bat',50,'batch','Loose pick prediction batch','D:/xampp/htdocs/printvis/datapull/update_loosepickpred.bat','Launches loosedata_picktimes.php.','printvis/datapull/update_loosepickpred.bat',1,1),
('printvis_caserefresh','loosepickpred_php',60,'php','Loose pick times refresh','D:/xampp/htdocs/printvis/datapull/loosedata_picktimes.php','Refreshes loose pick-time prediction data.','printvis/datapull/update_loosepickpred.bat',1,1),
('printvis_caserefresh','loosepickpred_open_bat',70,'batch','Open loose pick prediction batch','D:/xampp/htdocs/printvis/datapull/update_loosepickpred_open.bat','Launches loosedata_openboxtimes.php.','printvis/datapull/update_loosepickpred_open.bat',1,1),
('printvis_caserefresh','loosepickpred_open_php',80,'php','Open box times refresh','D:/xampp/htdocs/printvis/datapull/loosedata_openboxtimes.php','Refreshes open-box time prediction data.','printvis/datapull/update_loosepickpred_open.bat',1,1),
('printvis_caserefresh','cartputpred_bat',90,'batch','Cart put prediction batch','D:/xampp/htdocs/printvis/datapull/update_cartputpred.bat','Launches openputaway.php and logequip_open.php.','printvis/datapull/update_cartputpred.bat',1,1),
('printvis_caserefresh','cartputpred_php',100,'php','Open putaway / equipment refresh','D:/xampp/htdocs/printvis/datapull/openputaway.php','Also runs logequip_open.php.','printvis/datapull/update_cartputpred.bat',1,1),
('printvis_table_sched','python',10,'python','PrintVis table scheduler','D:/xampp/htdocs/printvis/datapull/table_sched.py','Schedules update_histcasevol.bat at 05:50.','printvis/datapull/table_sched.py',1,1),
('printvis_table_sched','histcasevol_bat',20,'batch','Historical case volume batch','D:/xampp/htdocs/printvis/datapull/update_histcasevol.bat','Runs history PHP, Python case forecast, R loose forecast, and snapshot PHP.','printvis/datapull/update_histcasevol.bat',1,1),
('printvis_table_sched','hist_php',30,'php','Case/loose history refresh','D:/xampp/htdocs/printvis/datapull/historicalcasevol.php','Also runs casebatchstarttime_hist_update.php and historicalloosevol.php.','printvis/datapull/update_histcasevol.bat',1,1),
('printvis_table_sched','forecast_py',40,'python','Case pick forecast','D:/xampp/htdocs/printvis/datapull/RDir/forecast_casepick/forecast_casepick.py','Python case-pick forecast model.','printvis/datapull/update_histcasevol.bat',1,1),
('printvis_table_sched','forecast_r',50,'external','Loose volume R forecast','D:/xampp/htdocs/printvis/datapull/RDir/forecast_whselines/whselines_byhour.R','Rscript loose-volume forecast (non-fatal if it fails).','printvis/datapull/update_histcasevol.bat',1,1),
('printvis_table_sched','forecast_hours_php',60,'php','Case forecast hours and snapshot','D:/xampp/htdocs/printvis/datapull/caseforecasthours.php','Also runs global_dash/cron/casepick_snapshot_forecast.php.','printvis/datapull/update_histcasevol.bat',1,1),
('printvis_loc_oh_loop','python',10,'python','Location on-hand scheduler','D:/xampp/htdocs/printvis_logic/loc_oh_loop.py','Runs every minute Mon-Fri 04:00-23:55; truncate bat once at 04:00.','printvis_logic/loc_oh_loop.py',1,1),
('printvis_loc_oh_loop','truncate_bat',20,'batch','Location on-hand truncate batch','D:/xampp/htdocs/printvis_logic/loc_oh_truncate.bat','Launches TRUNCATE_loc_oh_NAHSI.php at first 04:00 run.','printvis_logic/loc_oh_truncate.bat',1,1),
('printvis_loc_oh_loop','truncate_php',30,'php','Truncate loc_oh','D:/xampp/htdocs/printvis_logic/TRUNCATE_loc_oh_NAHSI.php','Clears NAHSI loc_oh before the daily rebuild window.','printvis_logic/loc_oh_truncate.bat',1,1),
('printvis_loc_oh_loop','loc_oh_bat',40,'batch','Location on-hand batch','D:/xampp/htdocs/printvis_logic/loc_oh.bat','Launches NAHSI/Canada loc_oh and Shorts_Audit PHP.','printvis_logic/loc_oh.bat',1,1),
('printvis_loc_oh_loop','loc_oh_php',50,'php','Location on-hand refresh','D:/xampp/htdocs/printvis_logic/loc_oh_NAHSI.php','Also runs loc_oh_CAN.php and Shorts_Audit.php.','printvis_logic/loc_oh.bat',1,1),
('printvis_loc_oh_loop','box_detail_bat',60,'batch','Box detail batch','D:/xampp/htdocs/printvis_logic/box_detail.bat','Launches box_detail_NAHSI.php.','printvis_logic/box_detail.bat',1,1),
('printvis_loc_oh_loop','box_detail_php',70,'php','Box detail refresh','D:/xampp/htdocs/printvis_logic/box_detail_NAHSI.php','Refreshes box detail operational data.','printvis_logic/box_detail.bat',1,1),
('printvis_loc_oh_loop','box_progress_bat',80,'batch','Box progress batch','D:/xampp/htdocs/printvis_logic/box_progress.bat','Launches box_progress_NAHSI.php.','printvis_logic/box_progress.bat',1,1),
('printvis_loc_oh_loop','box_progress_php',90,'php','Box progress refresh','D:/xampp/htdocs/printvis_logic/box_progress_NAHSI.php','Refreshes box progress operational data.','printvis_logic/box_progress.bat',1,1),
('printvis_pack_start_loop','python',10,'python','Pack start scheduler','D:/xampp/htdocs/printvis_logic/pack_start_loop.py','Schedules pack_start.bat every 5 minutes Mon-Fri 04:00-23:55.','printvis_logic/pack_start_loop.py',1,1),
('printvis_pack_start_loop','batch',20,'batch','Pack start batch','D:/xampp/htdocs/printvis_logic/pack_start.bat','Launches pack_start and packing/EOL error PHP.','printvis_logic/pack_start.bat',1,1),
('printvis_pack_start_loop','php_pack_start',30,'php','Pack start refresh','D:/xampp/htdocs/printvis_logic/pack_start_NAHSI.php','Includes tableupdates/pack_start.php; writes nahsi.pack_start.','printvis_logic/pack_start.bat',1,1),
('printvis_pack_start_loop','php_packing_errors',40,'php','Packing errors refresh','D:/xampp/htdocs/printvis_logic/packing_errors.php','Writes nahsi.pack_errors, nahsi.lucas_batch, and nahsi.pack_errors_case.','printvis_logic/pack_start.bat',1,1),
('printvis_pack_start_loop','php_eol_errors',50,'php','EOL errors refresh','D:/xampp/htdocs/printvis_logic/eol_errors.php','Writes nahsi.eol_errors.','printvis_logic/pack_start.bat',1,1),
('receiving_cost_loop','loop',10,'php','Receiving cost supervisor loop','D:/xampp/htdocs/heatmap_logic/receiving_location_cost_loop.php','Reads enabled warehouses and cadence, expires orphaned updater rows, and runs one warehouse cycle at a time.','heatmap_logic/receiving_location_cost_loop.php',1,1),
('receiving_cost_loop','runner',20,'php','Receiving cost stage runner','D:/xampp/htdocs/heatmap_logic/receiving_location_cost_runner.php','Owns each warehouse run, named lock, heartbeat, stop request, and stage sequence.','heatmap_logic/receiving_location_cost_runner.php',1,1),
('receiving_cost_loop','downstream',30,'php','Daily outcome attribution','D:/xampp/htdocs/heatmap_logic/receiving_location_cost_downstream.php','Attributes downstream movements, picks, and shorts to prior receiving events when due.','heatmap_logic/receiving_location_cost_downstream.php',1,1),
('receiving_cost_loop','collector',40,'php','Receipt event collector','D:/xampp/htdocs/heatmap_logic/receiving_location_cost_collector.php','Collects receipt lines and captures actual and candidate location snapshots.','heatmap_logic/receiving_location_cost_collector.php',1,1),
('receiving_cost_loop','scorer',50,'php','Receiving location scorer','D:/xampp/htdocs/heatmap_logic/receiving_location_cost_scorer.php','Evaluates location candidates and writes event-level cost and verdict results.','heatmap_logic/receiving_location_cost_scorer.php',1,1),
('test_loop','python',10,'python','Harmless test heartbeat','C:/Users/Bentley.Hudson/xampp/htdocs/MySQLUpdates/process_supervisor/test_loop.py','Prints a timestamp and sleeps; no business work.','MySQLUpdates/process_supervisor/test_loop.py',1,0)
ON DUPLICATE KEY UPDATE
  step_order=VALUES(step_order), step_type=VALUES(step_type),
  display_label=VALUES(display_label), object_path=VALUES(object_path),
  description=VALUES(description), evidence_path=VALUES(evidence_path),
  source_verified=VALUES(source_verified), production_path_required=VALUES(production_path_required);

INSERT INTO nahsi.managed_process_impacts
  (proc_name,impact_key,display_order,object_type,relationship,schema_name,object_name,
   display_label,route_path,operational_effect,evidence_path,source_verified,production_path_required)
VALUES
('gill_update','php_master',10,'php_page','executes','','update_master.php','Gillingham master update','','update_GILL.bat launches update_master.php, which includes locmaster, slotmaster, itemmaster, replen, sales, demand grouping, and true-fit scripts.','gillingham/MySQLUpdates/update_GILL.bat',1,0),
('gill_update','base_tables',20,'mysql_table','rebuilds','gillingham','locmaster, slotmaster, itemmaster, replen, sales','Gillingham base slotting tables','','update_master.php rebuilds core Gillingham slotting source tables via included PHP modules.','Gillingham/MySQLUpdates/update_master.php',1,0),
('gill_update','pages',30,'declaration','feeds','','','Gillingham operational pages','','Gillingham warehouse surfaces consume the tables refreshed by update_master.php.','',0,0),
('hep_update','slotmaster',10,'mysql_table','rebuilds','hep','slotmaster, item_location','HEP slot and item location','','Truncates and rebuilds hep.slotmaster and hep.item_location.','hep/MySQLUpdates/tableupdate_slotmaster.php',1,0),
('hep_update','demand',20,'mysql_table','rebuilds','hep','hep_grouped, hep_raw_30day, nptsld, fcast_linesgrouped','HEP demand grouping','','DemandGrouping.php truncates/rebuilds HEP demand and forecast grouping tables.','hep/MySQLUpdates/DemandGrouping.php',1,0),
('hep_update','scores',30,'mysql_table','rebuilds','hep','slottingscore, slottingscore_hist, replen_hist, walk_hist, picksbybay, feetperpick_summary, vectormaperrors','HEP scoring and history','','itemscore.php rebuilds slotting scores and related historical summary tables.','hep/MySQLUpdates/itemscore.php',1,0),
('hep_update','pages',40,'declaration','feeds','','','HEP operational pages','','HEP warehouse surfaces consume the refreshed HEP MySQLUpdates tables.','',0,0),
('ukgill_update_all_tables','base_tables',10,'mysql_table','rebuilds','emea_uk_gill','items, locations, grids, grids_by_bay, item_locs, replen','UK Gill base warehouse tables','','Phase 1 of update_all_tables.bat rebuilds base reference tables from CSV sources.','emea_ukgill_logic/update_all_tables.bat',1,0),
('ukgill_update_all_tables','demand_tables',20,'mysql_table','rebuilds','emea_uk_gill','sales, sales_grouped, demand, curr_implied_replen, pkgu_percent','UK Gill demand analytics','','Phases 2-5 rebuild sales and demand analytics.','emea_ukgill_logic/update_all_tables.bat',1,0),
('ukgill_update_all_tables','slotting_tables',30,'mysql_table','rebuilds','emea_uk_gill','impliedreplen_all, picks_bay_hist, emptylocs, slotcost, hist_itemrecs, consecutive_reccs','UK Gill slotting outputs','','Later phases rebuild slotting and history outputs.','emea_ukgill_logic/update_all_tables.bat',1,0),
('ukgill_update_all_tables','recommender',40,'dependency','executes','','heatmap_recommender.py','UK Gill heatmap recommender','','Runs LSE recommendations via heatmap_recommender.py.','emea_ukgill_logic/update_all_tables.bat',1,0),
('ukgill_update_all_tables','pages',50,'declaration','feeds','','','UK Gill slotting pages','','Likely consumers include dash_slot, heatmap, itemquery, slotting, reports, and cost pages.','',0,0),
('breaklunch_ftp_1','breaklunch_read',10,'mysql_table','reads','printvis','breaklunch','Break/lunch events','','Used to create the prior-day break/lunch export.','breaklunch/ftp_nextview_1.php',1,0),
('breaklunch_ftp_1','eod_read',20,'mysql_table','reads','printvis','eod','End-of-day events','','Used to create the prior-day EOD export.','breaklunch/ftp_nextview_1.php',1,0),
('breaklunch_ftp_1','as400_read',30,'source_system','reads','HSIPCORDTA','NOTSMC01, HWSTREM','US AS/400 operational sources','','Supplies slow-moving replenishment and completed shorts extracts.','breaklunch/ftp_nextview_1.php',1,0),
('breaklunch_ftp_1','mysql_no_write',40,'declaration','none','','','No MySQL writes','','This job reads MySQL and source-system data but does not update a MySQL table.','breaklunch/ftp_nextview_1.php',1,0),
('breaklunch_ftp_1','nextview_export',50,'external_output','exports','','NextView FTP','NextView daily CSV feed','','Break/lunch, EOD, slow-moving replenishment, and shorts files become stale if the job stops.','breaklunch/ftp_nextview_1.php',1,0),
('breaklunch_ftp_1','page_no_direct',60,'declaration','none','','','No direct dashboard page','','The verified output is an external reporting feed rather than a local dashboard page.','',1,0),
('breaklunch_ftp_2','sqlserver_read',10,'source_system','reads','HenrySchein.dbo','Pack, Tote','NOTL SQL Server packing sources','','Supplies completed packing activity.','breaklunch/ftp_nextview_2.php',1,0),
('breaklunch_ftp_2','as400_read',20,'source_system','reads','ARCPCORDTA','NOTWPB, NOTWPD','Canada AS/400 pick and case sources','','Supplies NOTL and Calgary pick/case extracts.','breaklunch/ftp_nextview_2.php',1,0),
('breaklunch_ftp_2','mysql_no_write',30,'declaration','none','','','No MySQL writes','','This job reads source systems and does not update a MySQL table.','breaklunch/ftp_nextview_2.php',1,0),
('breaklunch_ftp_2','nextview_export',40,'external_output','exports','','NextView FTP','NextView Canada CSV feed','','NOTL and Calgary pack, pick, case, and parts files become stale if the job stops.','breaklunch/ftp_nextview_2.php',1,0),
('breaklunch_ftp_2','page_no_direct',50,'declaration','none','','','No direct dashboard page','','The verified output is an external reporting feed rather than a local dashboard page.','',1,0),
('breaklunch_ftp_locus','as400_read',10,'source_system','reads','HSIPCORDTA','HWFPKC','Denver Locus pick source','','Reads prior-day Locus pick rows for warehouse 6 (PADE).','breaklunch/sftp_locus_pick.php',1,0),
('breaklunch_ftp_locus','sftp_export',20,'external_output','exports','','NextView SFTP','Locus pick CSV export','','Writes CSV under breaklunch/exports and uploads via SFTP.','breaklunch/sftp_locus_pick.php',1,0),
('breaklunch_ftp_locus','page_no_direct',30,'declaration','none','','','No direct dashboard page','','Output is an external Locus/NextView feed rather than a local dashboard page.','',1,0),
('gallin_update','base_tables',10,'mysql_table','rebuilds','gallin','replen, grids, item_locs, locations, emptylocs, sales, items','Gallin base warehouse tables','','Phase 1 of update_gallin_tables.bat rebuilds core Gallin reference tables.','gallin_logic/update_gallin_tables.bat',1,0),
('gallin_update','demand_tables',20,'mysql_table','rebuilds','gallin','avg_inventory, sales_grouped, demand, curr_implied_replen, pkgu_percent, picks_bay_hist','Gallin demand analytics','','Phases 2-3 rebuild demand and analytics tables.','gallin_logic/update_gallin_tables.bat',1,0),
('gallin_update','slotting_tables',30,'mysql_table','rebuilds','gallin','impliedreplen_all, slotcost, hist_itemrecs, daily_slot_hist','Gallin slotting outputs','','Phases 4-7 rebuild implied replen, slot cost, and history tables.','gallin_logic/update_gallin_tables.bat',1,0),
('gallin_update','recommender',40,'dependency','executes','','heatmap_recommender.py','Gallin heatmap recommender','','Runs Level 1 and Level 2 LSE recommendations via emea_ukgill_logic/heatmap_recommender.py.','gallin_logic/update_gallin_tables.bat',1,0),
('gallin_update','pages',50,'declaration','feeds','','','Gallin slotting pages','','Gallin slotting/heatmap/item surfaces consume these tables.','',0,0),

('offsys_slot_update','base_tables',10,'mysql_table','rebuilds','nahsi','locations, item_locs, replen, items, grids, grids_by_bay, lots, tiers','Warehouse master and slot structure','','Nightly source refresh for warehouse locations, items, replenishment, grids, lots, and tiers.','heatmap_logic/update_pretables.bat',1,0),
('offsys_slot_update','demand_tables',20,'mysql_table','rebuilds','nahsi','sales_grouped, demand, pkgu_percent','Demand and package-unit analytics','','Rebuilds demand inputs used by forecasting and slotting.','heatmap_logic/update_pretables.bat',1,0),
('offsys_slot_update','operational_history',30,'mysql_table','appends','nahsi','loc_oh_morning, replen_bay_hist, picks_bay_hist, shorts_by_date, inv_lines_by_date','Operational history and shorts','','Adds daily inventory, replenishment, picking, shorts, and shipped-line history.','heatmap_logic/update_pretables.bat',1,0),
('offsys_slot_update','forecast_tables',40,'mysql_table','rebuilds','nahsi','forecast_daily, forecast_model_stats','Demand forecasts','','Forecast generation currently occurs in both forecast and replenishment batch stages.','heatmap_logic/forecast_daily_populator.py',1,0),
('offsys_slot_update','replen_tables',50,'mysql_table','rebuilds','nahsi','replen_recommendations','Replenishment recommendations','','Rebuilds item-level recommendations used by replenishment workflows.','heatmap_logic/replen_recommendations_populator.py',1,0),
('offsys_slot_update','accuracy_tables',60,'mysql_table','rebuilds','nahsi','forecast_accuracy_daily, replen_accuracy_daily, accuracy_summary_daily','Forecast and replenishment accuracy','','Rebuilds accuracy data used by admin review and trend surfaces.','heatmap_logic/accuracy_tracking_populator.py',1,0),
('offsys_slot_update','slotting_tables',70,'mysql_table','rebuilds','nahsi','recom_slotsize, optimal_walkdist, impliedreplen_all, slotcost, feedback_weights','Slotting recommendations and cost outputs','','Rebuilds primary slotting recommendation and scoring outputs.','heatmap_logic/update_NAHSI.bat',1,0),
('offsys_slot_update','slotting_history',80,'mysql_table','appends','nahsi','hist_itemrecs, daily_slot_hist, consecutive_reccs, slot_tracking','Recommendation and slot history','','Preserves daily recommendations, consecutive streaks, and slot-tracking history.','heatmap_logic/update_NAHSI.bat',1,0),
('offsys_slot_update','opportunity_tables',90,'mysql_table','rebuilds','nahsi','emptylocs, ip_opps, slotpri_palletpkgu, cancel_bo','Capacity and opportunity outputs','','Refreshes empty locations, inner-pack opportunities, pallet flags, and cancel-backorder data.','heatmap_logic/update_NAHSI.bat',1,0),
('offsys_slot_update','fom_tables',100,'mysql_table','rebuilds','nahsi','fomraw, fomaverage','FOM demand outputs','','Refreshes raw and averaged FOM demand data.','heatmap_logic/update_NAHSI.bat',1,0),
('offsys_slot_update','replen_page',110,'dashboard_page','feeds','','replen_dashboard.php','Replenishment Dashboard','/nahsi/replen_dashboard.php','Recommendations and demand inputs become stale when the nightly chain fails.','nahsi/replen_dashboard.php',1,0),
('offsys_slot_update','accuracy_review_page',120,'dashboard_page','feeds','','accuracy_review.php','Accuracy Review','/nahsi/accuracy_review.php','Forecast/replenishment accuracy review becomes stale.','nahsi/accuracy_review.php',1,0),
('offsys_slot_update','forecast_accuracy_page',130,'dashboard_page','feeds','','forecast_accuracy_dashboard.php','Forecast Accuracy Dashboard','/nahsi/forecast_accuracy_dashboard.php','Daily forecast and accuracy KPIs become stale.','nahsi/forecast_accuracy_dashboard.php',1,0),
('offsys_slot_update','slotting_page',140,'dashboard_page','feeds','','dash_slot.php','Slotting Dashboard','/nahsi/dash_slot.php','Recommendation, cost, capacity, and location data become stale.','nahsi/dash_slot.php',1,0),
('offsys_slot_update','heatmap_page',150,'dashboard_page','feeds','','heatmap.php','Warehouse Heatmap','/nahsi/heatmap.php','Slotting and warehouse-state visualization becomes stale.','nahsi/heatmap.php',1,0),
('offsys_slot_update','itemquery_page',160,'dashboard_page','feeds','','itemquery.php','Item Query','/nahsi/itemquery.php','Item demand, slotting, and location context becomes stale.','nahsi/itemquery.php',1,0),

('offsys_slot_update_CAN','base_tables',10,'mysql_table','rebuilds','canada','locations, item_locs, replen, items, grids, lots, tiers, sales_grouped','Canada base warehouse tables','','update_CAN.bat rebuilds Canada base and sales-grouped tables.','heatmap_logic/update_CAN.bat',1,0),
('offsys_slot_update_CAN','demand_tables',20,'mysql_table','rebuilds','canada','demand, pkgu_percent, suggreplen, implied replen current, bay history','Canada demand analytics','','Also refreshes shortsdetail and invoice-line history inputs.','heatmap_logic/update_CAN.bat',1,0),
('offsys_slot_update_CAN','slotting_tables',30,'mysql_table','rebuilds','canada','recom_slotsize, impliedreplen, pickcost, slotscore, hist_itemrecs, consecutive_reccs, daily_slot_hist, slot_tracking, emptylocs','Canada slotting outputs','','Later hops rebuild Canada slotting recommendation and history outputs.','heatmap_logic/update_CAN.bat',1,0),
('offsys_slot_update_CAN','pages',40,'declaration','feeds','','','Canada slotting pages','','Canada slotting, heatmap, item, forecast, needs, operations, and reports pages consume these tables.','',0,0),
('nahsi_shorts_item','shorts_tables',10,'mysql_table','writes','nahsi','shorts_daily_item, shorts_daily_itemhistory','Item shorts tables','','Deletes old shorts_daily_item rows and refreshes shorts_daily_item / shorts_daily_itemhistory.','heatmap_logic/tbl_update_NAHSI_shorts_item.php',1,0),
('nahsi_shorts_item','emptylocs',20,'mysql_table','rebuilds','nahsi','emptylocs, emptylocs_temp','Empty locations','','Truncates and reloads nahsi emptylocs; Canada bat hop also refreshes canada.emptylocs.','heatmap_logic/tbl_update_NAHSI_emptylocs.php',1,0),
('nahsi_shorts_item','dsl2',30,'mysql_table','rebuilds','nahsi','dsl2, dsl2_temp','DSL2 locations','','Rebuilds nahsi.dsl2; Canada bat hop also refreshes canada.dsl2.','heatmap_logic/tbl_update_NAHSI_dsl2.php',1,0),
('nahsi_shorts_item','suggreplen',40,'mysql_table','rebuilds','nahsi','suggreplen','Suggested replenishment','','Rebuilds suggested replenishment outputs.','heatmap_logic/tbl_update_NAHSI_suggreplen.php',1,0),
('nahsi_shorts_item','mm_board',50,'mysql_table','writes','nahsi','mm_last_transaction','Monitor and manage last transaction','','mm_inbound/picking/packing modules upsert mm_last_transaction.','heatmap_logic/tbl_update_NAHSI_monitor_and_manage.php',1,0),
('nahsi_shorts_item','locus_times',60,'mysql_table','rebuilds','nahsi','locus_elapsed_times','Locus elapsed times','','Truncates and reloads nahsi.locus_elapsed_times.','heatmap_logic/tbl_update_NAHSI_locus_picktimes.php',1,0),
('nahsi_shorts_item','pages',70,'declaration','feeds','','','Live shorts and replenishment surfaces','','Shorts expeditor, live shorts, empty-location, and related widgets consume these refreshes.','',0,0),

('jobsched_loops','pack_tables',10,'mysql_table','rebuilds','printvis','pack_opentotes, totetimes_merge, totetimes, alltote_history','Open tote and packing activity','','Refreshes active tote timing and packing workload.','MySQLUpdates/totedata.php',1,0),
('jobsched_loops','batch_tables',20,'mysql_table','rebuilds','printvis','batch_start_merge, batch_start, tote_end_merge, tote_end','Batch starts and tote completion','','Refreshes batch start and tote end timing.','MySQLUpdates/totedata.php',1,0),
('jobsched_loops','shorts_tables',30,'mysql_table','appends','printvis','shorts_daily, shorts_daily_item, shorts_history','Packing shorts','','Refreshes current shorts and appends detailed history.','MySQLUpdates/totedata.php',1,0),
('jobsched_loops','taskpred_table',40,'mysql_table','rebuilds','printvis','taskpred','Task completion predictions','','Refreshes task minimum/maximum completion estimates.','MySQLUpdates/totedata.php',1,0),
('jobsched_loops','external_sources',50,'source_system','reads','','SQL Server and AS/400','Pack, Pick, Tote, NOTWPB, NOTWPD, NPFIMS, NOFNVI','', 'Supplies live pack/tote activity and timestamps.','MySQLUpdates/totedata.php',1,0),
('jobsched_loops','packtimes_page',60,'php_page','feeds','','packtimes.php','PrintVis Pack Times','/printvis/packtimes.php','Packing activity, workload, and timing become stale.','printvis/packtimes.php',1,0),
('jobsched_loops','shorts_page',70,'declaration','feeds','','','Shorts and production widgets','','Live shorts, loose priorities, production headers, staged reports, and batch/tote modals consume these tables.','global_dash/reports/shorts_expeditor.php',1,0),
('jobsched_loops','ops_consumers',80,'declaration','feeds','','','Shared production and priority widgets','','Loose priorities, production headers, staged reports, and batch/tote modals consume these tables.','global_dash/data_stats',1,0),

('table_sched_mysqlupdates','tsm',10,'mysql_table','rebuilds','printvis','tsm','TSM table','','tsmupdate.php truncates and rebuilds printvis.tsm.','MySQLUpdates/tsmupdate.php',1,0),
('table_sched_mysqlupdates','scorecard_billto',20,'mysql_table','rebuilds','custaudit','customerscores_billto, scorecard_display_billto','Customer scores by bill-to','','Rebuilds bill-to scorecard merge/display tables.','MySQLUpdates/customerscores_BILLTO.php',1,0),
('table_sched_mysqlupdates','scorecard_shipto',30,'mysql_table','rebuilds','custaudit','customerscores_shipto, scorecard_display_shipto','Customer scores by ship-to','','Rebuilds ship-to scorecard merge/display tables.','MySQLUpdates/customerscores_SHIPTO.php',1,0),
('table_sched_mysqlupdates','fillrate',40,'mysql_table','rebuilds','custaudit','fillratemerge, fillratebyshipto','Fill-rate tables','','Rebuilds fill-rate merge and by-ship-to tables.','MySQLUpdates/fillratemergeupdate.php',1,0),
('table_sched_mysqlupdates','slotting_php',50,'declaration','executes','','','Additional slottingdashboard.php scripts','','slottingdashboard.bat also runs many warehouse PHP scripts beyond the sampled first hops above.','MySQLUpdates/slottingdashboard.bat',0,0),
('table_sched_mysqlupdates','pages',60,'declaration','feeds','','','Shared warehouse dashboards','','Slotting dashboard and customer scorecard surfaces consume these refreshes.','',0,0),
('todaypage_loop','todaypage',10,'mysql_table','writes','nahsi','todaypage','Today page table','','Upserts Today page LTL/BULK load rows.','MySQLUpdates/tblupdate_todaypage.php',1,0),
('todaypage_loop','descartes',20,'mysql_table','reads','nahsi','descartes_loadtype','Descartes load-type source','','Reads descartes_loadtype to classify LTL/BULK doors.','MySQLUpdates/tblupdate_todaypage.php',1,0),
('todaypage_loop','today_page',30,'dashboard_page','feeds','','today_page.php','Today operations page','/nahsi/today_page.php','Today schedule/search/load-type surfaces become stale if this loop stops.','nahsi/today_page.php',0,0),
('printvis_caserefresh','case_tables',10,'mysql_table','writes','printvis','openbatches_case, case_batchequip, casetote_time, casebatches_time, casebatchstarttime, case_boxesreleased, casebatchdelete, casepick_openpicks, taskpred','Case pick open-work tables','','casedata.php refreshes open case batches, equipment, timing, start-time, and related prediction tables.','printvis/datapull/casedata.php',1,0),
('printvis_caserefresh','opencases_tables',20,'mysql_table','writes','printvis','casesnotprinted, casesnotprinted_bybatch, notprintedcasetote_time, notprintedcasebatches_time, casevis_hourbuckets, case_actuallaborbyhour','Open/not-printed case tables','','opencases.php refreshes not-printed case and hour-bucket labor tables.','printvis/datapull/opencases.php',1,0),
('printvis_caserefresh','loose_pred',30,'mysql_table','writes','printvis','looselines, looselines_aisletime, looselines_batchtime, looselines_batchtime_hist, looselines_cartsinprocess, voice_batchespicked, voicepicks','Loose pick prediction tables','','loosedata_picktimes.php refreshes loose-line and voice pick prediction tables.','printvis/datapull/loosedata_picktimes.php',1,0),
('printvis_caserefresh','loose_open',40,'mysql_table','writes','printvis','looselines_open, looselines_aisletime_open, looselines_batchtime_open, temp_looselines_open','Open loose box prediction tables','','loosedata_openboxtimes.php refreshes open loose-line prediction tables.','printvis/datapull/loosedata_openboxtimes.php',1,0),
('printvis_caserefresh','putaway',50,'mysql_table','writes','printvis','openputaway, openputaway_aisletime, openputaway_aisletime_hist, openputaway_logtime, openputaway_logtime_hist, log_equip, taskpred','Open putaway prediction tables','','openputaway.php refreshes open putaway and related timing/history tables.','printvis/datapull/openputaway.php',1,0),
('printvis_caserefresh','logequip',60,'mysql_table','rebuilds','printvis','log_equipopen, log_equipopentimes, openmoves, openmoves_times, openmoves_transdetail, forecastmoves, forecastmoves_opentimes','Open equipment / moves tables','','logequip_open.php truncates and rebuilds open equipment and move forecast tables.','printvis/datapull/logequip_open.php',1,0),
('printvis_caserefresh','casepick_page',70,'dashboard_page','feeds','','vis_casepick.php','Case Pick page','/nahsi/vis_casepick.php','Case Pick and related prediction surfaces become stale if this loop stops.','nahsi/vis_casepick.php',0,0),
('printvis_table_sched','hist_case',10,'mysql_table','writes','printvis','hist_casevol, hist_casevol_merge, hist_casevol_summary, casedash_equippicks','Historical case volume','','historicalcasevol.php refreshes case volume history and case-dash equipment picks.','printvis/datapull/historicalcasevol.php',1,0),
('printvis_table_sched','hist_loose',20,'mysql_table','writes','printvis','hist_loosevol, hist_loosevol_merge, hist_loosevol_summary','Historical loose volume','','historicalloosevol.php refreshes loose volume history tables.','printvis/datapull/historicalloosevol.php',1,0),
('printvis_table_sched','caselp_hist',30,'mysql_table','appends','printvis','caselp_hist','Case LP history','','casebatchstarttime_hist_update.php inserts case LP history rows.','printvis/datapull/casebatchstarttime_hist_update.php',1,0),
('printvis_table_sched','forecast_case',40,'mysql_table','writes','printvis','forecast_case, casepick_forecast_snapshot','Case forecast and snapshot','','caseforecasthours.php updates forecast_case minutes; snapshot job freezes today into casepick_forecast_snapshot.','printvis/datapull/caseforecasthours.php',1,0),
('printvis_table_sched','forecast_py',50,'dependency','executes','','forecast_casepick.py','Case pick Python forecast','','Runs the case-pick forecast model and logs to forecast_casepick.log.','printvis/datapull/update_histcasevol.bat',1,0),
('printvis_table_sched','forecast_r',60,'dependency','executes','','whselines_byhour.R','Loose volume R forecast','','Runs Rscript loose-volume forecast (non-fatal on failure).','printvis/datapull/update_histcasevol.bat',1,0),
('printvis_table_sched','pages',70,'declaration','feeds','','','Case forecast dashboards','','Case-pick forecast and accuracy surfaces consume these refreshes.','',0,0),
('printvis_loc_oh_loop','loc_oh',10,'mysql_table','writes','nahsi','loc_oh','Location on-hand','','TRUNCATE once daily at 04:00, then upserts loc_oh throughout the day. Canada loc_oh is refreshed by loc_oh_CAN.php in the same bat.','printvis_logic/tableupdates/loc_oh.php',1,0),
('printvis_loc_oh_loop','box_detail',20,'mysql_table','writes','nahsi','box_detail','Box detail','','Deletes old box_detail rows and upserts current box detail.','printvis_logic/tableupdates/box_detail.php',1,0),
('printvis_loc_oh_loop','box_progress',30,'mysql_table','writes','nahsi','box_progress','Box progress','','Deletes old box_progress rows and upserts queue/manifested/packing/staging progress.','printvis_logic/tableupdates/box_progress.php',1,0),
('printvis_loc_oh_loop','shorts_audit',40,'mysql_table','writes','nahsi','shortsaudit_history','Shorts audit history','','Shorts_Audit.php upserts shortsaudit_history.','printvis_logic/Shorts_Audit.php',1,0),
('printvis_loc_oh_loop','pages',50,'declaration','feeds','','','Slotting and replenishment surfaces','','loc_oh feeds replenishment, capacity, empty-location, shorts, and slotting-opportunity surfaces.','',0,0),
('printvis_pack_start_loop','pack_start_table',10,'mysql_table','writes','nahsi','pack_start','Pack start events','','Deletes rows older than 5 days, then upserts today pack-start events from AS/400 NOFNVI.','printvis_logic/tableupdates/pack_start.php',1,0),
('printvis_pack_start_loop','pack_errors',20,'mysql_table','rebuilds','nahsi','pack_errors, pack_errors_case','Packing error tables','','Rebuilds loose and case packing error extracts from AS/400.','printvis_logic/packing_errors.php',1,0),
('printvis_pack_start_loop','lucas_batch',30,'mysql_table','rebuilds','nahsi','lucas_batch','Lucas batch activity','','Deletes batches older than 15 days, then refreshes current Lucas batch rows.','printvis_logic/packing_errors.php',1,0),
('printvis_pack_start_loop','eol_errors',40,'mysql_table','rebuilds','nahsi','eol_errors','EOL error table','','Rebuilds end-of-line error extracts from AS/400 NOFEOL.','printvis_logic/eol_errors.php',1,0),
('printvis_pack_start_loop','as400_sources',50,'source_system','reads','HSIPCORDTA','NOFNVI, NOFEOL, NOFCOL, NOTWPB, EMNMLF','AS/400 pack-start and error sources','','Supplies pack-start, packing-error, and EOL-error source rows.','printvis_logic/pack_start_NAHSI.php',1,0),
('printvis_pack_start_loop','indy_error_page',60,'dashboard_page','feeds','','Indy_Error.php','Indy Error (loose packing)','/nahsi/Indy_Error.php','Displays nahsi.pack_errors via pack_errors_display.php.','nahsi/Indy_Error.php',1,0),
('printvis_pack_start_loop','indy_error_case_page',70,'dashboard_page','feeds','','Indy_Error_case.php','Indy Error (case packing)','/nahsi/Indy_Error_case.php','Displays nahsi.pack_errors_case via pack_errors_display_case.php.','nahsi/Indy_Error_case.php',1,0),
('printvis_pack_start_loop','eol_error_page',80,'dashboard_page','feeds','','eol_error.php','EOL Error','/nahsi/eol_error.php','Displays nahsi.eol_errors via eol_errors_display.php.','nahsi/eol_error.php',1,0),
('printvis_pack_start_loop','pages',90,'declaration','feeds','','','Other pack-start consumers','','Additional pack-start/lucas_batch consumers may exist outside the three cataloged error pages.','',0,0),
('receiving_cost_loop','as400_sources',10,'source_system','reads','HSIPCORDTA','NPFERA, NPFERH, NPFERD, NPFCPC, NPFLOC, NPFLSM, NPFMVE, NOTWPS, NOTWPT, NPTSHTAUD','AS/400 receipt, location, move, pick, and short sources','','Supplies receipts, actual and candidate locations, and downstream outcome evidence.','heatmap_logic/receiving_location_cost_collector.php',1,0),
('receiving_cost_loop','warehouse_inputs',20,'mysql_table','reads','nahsi','items, demand, item_locs, locations, loc_oh, emptylocs','Warehouse scoring inputs','','Supplies item, demand, capacity, on-hand, and empty-location context.','heatmap_logic/receiving_location_cost_collector.php',1,0),
('receiving_cost_loop','event_tables',30,'mysql_table','writes','nahsi','receiving_event_log, receiving_event_receipt_line, receiving_event_actual_location_snapshot, receiving_event_candidate_location_snapshot','Receiving event and location snapshots','','Builds the auditable receipt-event record and its actual and candidate location state.','heatmap_logic/receiving_location_cost_collector.php',1,0),
('receiving_cost_loop','score_tables',40,'mysql_table','writes','nahsi','receiving_event_location_eval, receiving_event_score','Location evaluations and costs','','Writes candidate verdicts, cost components, selected location, and total avoidable cost.','heatmap_logic/receiving_location_cost_scorer.php',1,0),
('receiving_cost_loop','outcome_tables',50,'mysql_table','writes','nahsi','receiving_event_downstream_event, receiving_outcome_run','Attributed downstream outcomes','','Records movement, pick, and short evidence and the daily outcome-run status.','heatmap_logic/receiving_location_cost_downstream.php',1,0),
('receiving_cost_loop','control_tables',60,'mysql_table','writes','nahsi','receiving_collector_state, receiving_poll_run, receiving_scorer_run, receiving_updater_run','Collector, scorer, and updater run control','','Tracks cursors, per-stage run history, updater heartbeats, stage state, stop requests, and errors.','heatmap_logic/receiving_location_cost_runner.php',1,0),
('receiving_cost_loop','config_tables',70,'mysql_table','reads','nahsi','receiving_location_cost_config, receiving_move_type_map','Receiving updater configuration','','Controls enabled warehouses, cadence, limits, stale thresholds, and move classification.','heatmap_logic/receiving_location_cost_loop.php',1,0),
('receiving_cost_loop','dashboard',80,'dashboard_page','feeds','','receiving_location_cost.php','Receiving Location Cost','/nahsi/receiving_location_cost.php','Receiving coaching, event detail, history, and Run Health become stale if the loop stops.','nahsi/receiving_location_cost.php',1,0),
('receiving_cost_loop','scorecard',90,'php_page','feeds','','receiving_location_cost_scorecard.php','Receiving Location Cost Scorecard','/global_dash/reports/receiving_location_cost_scorecard.php','The exportable scorecard reflects the same receiving event and scoring tables.','global_dash/reports/receiving_location_cost_scorecard.php',1,0),
('test_loop','mysql_none',10,'declaration','none','','','No MySQL impact','','The test loop reads and writes no business tables.','MySQLUpdates/process_supervisor/test_loop.py',1,0),
('test_loop','page_none',20,'declaration','none','','','No application-page impact','','The loop exists only to validate supervisor mechanics.','MySQLUpdates/process_supervisor/test_loop.py',1,0)
ON DUPLICATE KEY UPDATE
  display_order=VALUES(display_order), object_type=VALUES(object_type),
  relationship=VALUES(relationship), schema_name=VALUES(schema_name),
  object_name=VALUES(object_name), display_label=VALUES(display_label),
  route_path=VALUES(route_path), operational_effect=VALUES(operational_effect),
  evidence_path=VALUES(evidence_path), source_verified=VALUES(source_verified),
  production_path_required=VALUES(production_path_required);
